repo,commit,file_path,language,has_defect,lines,function_count,class_count,import_count,export_count,avg_complexity,max_complexity,fan_in,fan_out,code_smell_count,has_test
"express","59e205a57a04fced6bb7b8ec0b5dec29461a9996","lib/response.js","javascript",1,1050,9,0,13,0,2.44,5,7,176,2,0
"express","59e205a57a04fced6bb7b8ec0b5dec29461a9996","lib/application.js","javascript",0,632,2,0,5,0,2,2,2,96,1,0
"express","90ec6206d3275fdf2787f2028c6f48a2d92e8042","lib/request.js","javascript",1,528,1,0,7,0,1,1,13,73,2,0
"express","90ec6206d3275fdf2787f2028c6f48a2d92e8042","index.js","javascript",0,12,0,0,0,0,0,0,0,0,0,0
"express","3e81873b52e107898ed7ba45874959fb0546df3f","lib/request.js","javascript",1,515,1,0,7,0,1,1,13,73,2,0
"express","3e81873b52e107898ed7ba45874959fb0546df3f","lib/utils.js","javascript",0,272,3,0,8,0,3,7,3,37,0,0
"express","6a40af82937803a7652b47641a7a3cd2f5c833c4","lib/application.js","javascript",1,632,2,0,5,0,2.5,3,2,97,1,0
"express","6a40af82937803a7652b47641a7a3cd2f5c833c4","lib/express.js","javascript",1,82,2,0,6,0,1,1,0,12,0,0
"express","6a40af82937803a7652b47641a7a3cd2f5c833c4","lib/request.js","javascript",1,516,1,0,7,0,1,1,13,73,2,0
"express","6a40af82937803a7652b47641a7a3cd2f5c833c4","lib/response.js","javascript",1,1026,9,0,12,0,2.44,5,7,167,2,0
"express","6a40af82937803a7652b47641a7a3cd2f5c833c4","lib/view.js","javascript",1,206,2,0,2,0,5,8,3,26,0,0
"express","6a40af82937803a7652b47641a7a3cd2f5c833c4","lib/utils.js","javascript",0,275,3,0,7,0,3,7,3,37,0,0
"express","6a40af82937803a7652b47641a7a3cd2f5c833c4","benchmarks/middleware.js","javascript",0,21,0,0,1,0,0,0,0,9,0,0
"express","b11122be85377375465b2aa103da43301e56f128","lib/application.js","javascript",1,642,2,0,6,0,2.5,3,2,101,1,0
"express","b11122be85377375465b2aa103da43301e56f128","lib/response.js","javascript",1,1027,9,0,13,0,2.44,5,7,169,2,0
"express","b11122be85377375465b2aa103da43301e56f128","lib/express.js","javascript",0,82,2,0,6,0,1,1,0,12,0,0
"express","b11122be85377375465b2aa103da43301e56f128","lib/view.js","javascript",0,206,2,0,2,0,5,8,3,26,0,0
"express","8cb53ea5c3329032a1db47be019b717d8350fb0e","lib/response.js","javascript",1,1028,9,0,13,0,2.44,5,7,169,2,0
"express","8cb53ea5c3329032a1db47be019b717d8350fb0e","lib/utils.js","javascript",1,252,3,0,6,0,1.67,3,3,26,0,0
"express","8cb53ea5c3329032a1db47be019b717d8350fb0e","lib/application.js","javascript",0,642,2,0,7,0,2.5,3,2,102,1,0
"express","8cb53ea5c3329032a1db47be019b717d8350fb0e","lib/request.js","javascript",0,516,1,0,7,0,1,1,13,73,2,0
"express","125bb742a38cd97938a3932b47cc301e41c31f5d","lib/response.js","javascript",1,1179,9,0,12,0,2.44,5,8,192,2,0
"express","125bb742a38cd97938a3932b47cc301e41c31f5d","lib/middleware/init.js","javascript",0,44,0,0,1,0,0,0,1,7,0,0
"express","a1fa90fcea7d8e844e1c9938ad095d62669c3abd","lib/response.js","javascript",1,1188,9,0,12,0,2.44,5,8,196,2,0
"express","a1fa90fcea7d8e844e1c9938ad095d62669c3abd","lib/router/route.js","javascript",0,231,2,0,3,0,5.5,10,4,31,0,0
"async","63d0de2fd9f85d9e0727c3a82a250a561294a3fd","lib/whilst.js","javascript",1,62,3,0,3,1,2.67,4,2,13,0,0
"async","63d0de2fd9f85d9e0727c3a82a250a561294a3fd","lib/filterSeries.js","javascript",0,27,1,0,3,1,1,1,1,5,0,0
"async","576ba747a2aca0e5392f2aad75f4a9912603b2d5","lib/internal/queue.js","javascript",1,272,11,0,4,1,4.09,20,32,80,3,0
"async","576ba747a2aca0e5392f2aad75f4a9912603b2d5","lib/priorityQueue.js","javascript",1,73,1,0,3,1,1,1,1,11,0,0
"async","576ba747a2aca0e5392f2aad75f4a9912603b2d5","lib/internal/parallel.js","javascript",0,18,0,0,3,1,0,0,3,9,0,0
"async","576ba747a2aca0e5392f2aad75f4a9912603b2d5","lib/retryable.js","javascript",0,60,2,0,4,1,3,5,1,12,0,0
"async","e27aaab6cb5278ce312a673852bc962afa1ae233","lib/autoInject.js","javascript",1,148,3,0,3,1,1.67,3,2,25,0,0
"async","e27aaab6cb5278ce312a673852bc962afa1ae233","lib/someSeries.js","javascript",0,30,1,0,3,1,1,1,1,5,0,0
"async","b1b69b03b35022c6c9dfb8f4b9c1ace8f1baf5be","lib/map.js","javascript",1,126,1,0,3,1,1,1,3,5,0,0
"async","b1b69b03b35022c6c9dfb8f4b9c1ace8f1baf5be","lib/internal/promiseCallback.js","javascript",0,20,2,0,0,2,2,3,11,3,1,0
"async","1feecdcf4955d1ad73eb4f90d4895bc121dfbb0a","lib/whilst.js","javascript",1,62,3,0,3,1,2.67,4,2,13,0,0
"async","1feecdcf4955d1ad73eb4f90d4895bc121dfbb0a","lib/unmemoize.js","javascript",0,19,1,0,0,1,1,1,1,0,0,0
"async","6739c08497c7e5f2125abe6b8c34ba3f2fc242c1","support/sync-cjs-package.js","javascript",1,8,0,0,1,0,0,0,0,5,0,0
"async","6739c08497c7e5f2125abe6b8c34ba3f2fc242c1","lib/concat.js","javascript",0,34,1,0,2,1,1,1,1,4,0,0
"async","76f56930f9dcc0951798f7cbf8311d3ccfb88a79","lib/autoInject.js","javascript",1,148,3,0,3,1,1.67,3,2,25,0,0
"async","76f56930f9dcc0951798f7cbf8311d3ccfb88a79","lib/internal/eachOfLimit.js","javascript",0,71,2,0,6,1,6.5,8,13,22,1,0
"async","3df919668ea082a827902839bbc2912e1db22046","lib/applyEach.js","javascript",1,43,0,0,2,1,0,0,1,3,0,0
"async","3df919668ea082a827902839bbc2912e1db22046","lib/applyEachSeries.js","javascript",1,24,0,0,2,1,0,0,1,3,0,0
"async","3df919668ea082a827902839bbc2912e1db22046","lib/mapValues.js","javascript",0,51,1,0,1,1,1,1,1,2,0,0
"async","3df919668ea082a827902839bbc2912e1db22046","lib/apply.js","javascript",0,49,1,0,0,1,1,1,1,1,0,0
"async","8fce7e1a24b8328e34232d3b685df0b7c311c12a","lib/until.js","javascript",1,45,1,0,2,1,1,1,1,6,0,0
"async","8fce7e1a24b8328e34232d3b685df0b7c311c12a","lib/internal/filter.js","javascript",0,44,3,0,2,1,1.33,2,4,20,0,0
"async","fb79cab9f89a99672a304c9afaa9dd8dcaa2bdb9","lib/internal/queue.js","javascript",1,245,9,0,4,1,3.44,12,23,63,3,0
"async","fb79cab9f89a99672a304c9afaa9dd8dcaa2bdb9","lib/internal/withoutIndex.js","javascript",0,4,1,0,0,1,1,1,2,1,0,0
"async","b418cb788f1a57bd34e43ac2a72768e0f3561d36","lib/reflect.js","javascript",1,60,1,0,2,1,1,1,2,8,0,0
"async","b418cb788f1a57bd34e43ac2a72768e0f3561d36","perf/benchmark.js","javascript",0,225,11,0,9,0,1.45,3,3,90,1,0
"async","267eb9cee18347871c1cb3e85fcc6f2452be65f4","lib/whilst.js","javascript",1,62,3,0,3,1,2.67,4,2,13,0,0
"async","267eb9cee18347871c1cb3e85fcc6f2452be65f4","lib/map.js","javascript",0,46,1,0,3,1,1,1,3,5,0,0
"async","59a8662da2d8a3f26e19b484627a87d45382006f","lib/priorityQueue.js","javascript",1,66,1,0,3,1,1,1,1,9,0,0
"async","59a8662da2d8a3f26e19b484627a87d45382006f","lib/eachSeries.js","javascript",0,31,1,0,2,1,1,1,2,4,0,0
"async","aa8a3ee08e0af40a0409fe287a9b3a7a51fa46d3","lib/retry.js","javascript",1,151,4,0,2,1,4,8,6,14,0,0
"async","aa8a3ee08e0af40a0409fe287a9b3a7a51fa46d3","lib/everySeries.js","javascript",0,29,1,0,3,1,1,1,1,5,0,0
"async","ec2867d3b6df6ea2e8292fa75679b15731e7d2df","lib/eachSeries.js","javascript",1,28,1,0,2,1,1,1,2,4,0,0
"async","ec2867d3b6df6ea2e8292fa75679b15731e7d2df","lib/sortBy.js","javascript",0,71,2,0,3,1,2,3,1,13,0,0
"async","a5a9f13ee024e58a3bd074f9c4e0130f0499d27b","lib/concatLimit.js","javascript",1,43,1,0,3,1,1,1,3,11,0,0
"async","a5a9f13ee024e58a3bd074f9c4e0130f0499d27b","lib/groupByLimit.js","javascript",1,55,1,0,3,1,1,1,3,12,0,0
"async","a5a9f13ee024e58a3bd074f9c4e0130f0499d27b","lib/internal/createTester.js","javascript",1,26,1,0,2,1,1,1,9,13,0,0
"async","a5a9f13ee024e58a3bd074f9c4e0130f0499d27b","lib/internal/filter.js","javascript",1,44,3,0,2,1,1.33,2,4,20,0,0
"async","a5a9f13ee024e58a3bd074f9c4e0130f0499d27b","lib/mapValuesLimit.js","javascript",1,42,1,0,4,1,1,1,3,12,0,0
"async","a5a9f13ee024e58a3bd074f9c4e0130f0499d27b","lib/sortBy.js","javascript",1,71,2,0,3,1,2,3,1,13,0,0
"async","a5a9f13ee024e58a3bd074f9c4e0130f0499d27b","lib/tryEach.js","javascript",1,60,1,0,3,1,1,1,1,8,0,0
"async","a5a9f13ee024e58a3bd074f9c4e0130f0499d27b","support/jsdoc/jsdoc-custom.js","javascript",0,130,2,0,0,0,3,3,1,20,0,0
"async","a5a9f13ee024e58a3bd074f9c4e0130f0499d27b","lib/internal/initialParams.js","javascript",0,7,1,0,0,1,1,1,6,2,0,0
"async","2f14cac2757158cf0b12fc1252733a81d7b29310","lib/concat.js","javascript",1,30,0,0,2,1,0,0,1,3,0,0
"async","2f14cac2757158cf0b12fc1252733a81d7b29310","lib/concatLimit.js","javascript",1,23,0,0,2,1,0,0,1,3,0,0
"async","2f14cac2757158cf0b12fc1252733a81d7b29310","lib/concatSeries.js","javascript",1,23,0,0,2,1,0,0,1,3,0,0
"async","2f14cac2757158cf0b12fc1252733a81d7b29310","mocha_test/concat.js","javascript",1,95,3,0,2,0,1,1,0,54,0,0
"async","2f14cac2757158cf0b12fc1252733a81d7b29310","mocha_test/es2017/asyncFunctions.js","javascript",1,695,1,0,2,0,1,1,0,362,1,0
"async","2f14cac2757158cf0b12fc1252733a81d7b29310","mocha_test/groupBy.js","javascript",1,355,1,0,2,0,1,1,0,243,0,0
"async","2f14cac2757158cf0b12fc1252733a81d7b29310","perf/suites.js","javascript",1,396,1,0,1,0,2,2,1,86,0,0
"async","2f14cac2757158cf0b12fc1252733a81d7b29310","lib/race.js","javascript",0,50,1,0,4,1,5,5,1,9,0,0
"async","2f14cac2757158cf0b12fc1252733a81d7b29310","lib/whilst.js","javascript",0,53,2,0,4,1,3,3,2,15,0,0
"lodash","fe8d32eda854377349a4f922ab7655c8e5df9a0b","lodash.js","javascript",1,17254,494,0,0,0,3.76,46,1113,1721,47,0
"lodash","fe8d32eda854377349a4f922ab7655c8e5df9a0b","lib/fp/build-dist.js","javascript",0,57,1,0,6,0,1,1,1,17,0,0
"lodash","18ba0a32f42fd02117f096b032f89c984173462d","lodash.js","javascript",1,17266,494,0,0,0,3.77,46,1112,1720,48,0
"lodash","18ba0a32f42fd02117f096b032f89c984173462d","lib/main/build-site.js","javascript",0,240,7,0,6,0,1.14,2,7,115,1,0
"lodash","b5e672995ae26929d111a6e94589f8d03fb8e578","lodash.js","javascript",1,17249,494,0,0,0,3.77,46,1111,1719,48,0
"lodash","b5e672995ae26929d111a6e94589f8d03fb8e578","lib/common/file.js","javascript",0,72,4,0,5,0,1,1,5,14,0,0
"lodash","e7b28ea6cb17b4ca021e7c9d66218c8c89782f32","lodash.js","javascript",1,17158,492,0,0,0,3.74,46,1106,1711,46,0
"lodash","e7b28ea6cb17b4ca021e7c9d66218c8c89782f32","fp/_baseConvert.js","javascript",0,570,18,0,2,0,4,16,28,101,5,0
"lodash","e42cd97dae460a7c306d0d214b0783c7eccae144","lodash.js","javascript",1,17090,492,0,0,0,3.72,46,1103,1699,45,0
"lodash","e42cd97dae460a7c306d0d214b0783c7eccae144","lib/fp/build-modules.js","javascript",0,151,5,0,7,0,1.6,4,5,60,0,0
"zod","e4d67f3ea42de031f1f644a1efd7bd0a306dde56","packages/zod/src/v4/classic/schemas.ts","typescript",1,2916,97,0,9,282,1.19,4,129,666,2,0
"zod","e4d67f3ea42de031f1f644a1efd7bd0a306dde56","packages/zod/src/v4/core/checks.ts","typescript",1,1313,3,0,5,93,2,2,2,126,1,0
"zod","e4d67f3ea42de031f1f644a1efd7bd0a306dde56","packages/zod/src/v4/core/json-schema-processors.ts","typescript",1,889,47,0,8,44,4.38,24,15,156,12,0
"zod","e4d67f3ea42de031f1f644a1efd7bd0a306dde56","packages/zod/src/v4/core/regexes.ts","typescript",1,208,11,0,1,61,2,5,17,21,1,0
"zod","e4d67f3ea42de031f1f644a1efd7bd0a306dde56","packages/zod/src/v4/core/schemas.ts","typescript",1,5191,46,0,13,365,4.72,16,85,761,12,0
"zod","e4d67f3ea42de031f1f644a1efd7bd0a306dde56","packages/zod/src/v4/core/util.ts","typescript",1,1258,79,2,5,145,2.78,24,65,214,5,0
"zod","e4d67f3ea42de031f1f644a1efd7bd0a306dde56","packages/treeshake/valibot-object.ts","typescript",0,11,0,0,1,0,0,0,0,7,0,0
"zod","e4d67f3ea42de031f1f644a1efd7bd0a306dde56","packages/zod/src/v4/locales/zh-CN.ts","typescript",0,120,3,0,3,1,1.33,2,3,15,1,0
"zod","5489a532e65ee3f5ab0959ff8a5da346ced96f2a","packages/zod/src/v4/core/checks.ts","typescript",1,1307,3,0,5,93,2,2,2,126,1,0
"zod","5489a532e65ee3f5ab0959ff8a5da346ced96f2a","packages/zod/src/v4/locales/ne.ts","typescript",0,127,3,0,3,1,1.33,2,3,17,1,0
"zod","4d7308828b1a56768741d7cfd6cf476eaead45af","packages/zod/src/v4/classic/schemas.ts","typescript",1,2907,97,0,9,282,1.19,4,129,659,2,0
"zod","4d7308828b1a56768741d7cfd6cf476eaead45af","packages/zod/src/v4/core/memoizer.ts","typescript",1,294,11,1,3,4,8.09,56,30,61,6,0
"zod","4d7308828b1a56768741d7cfd6cf476eaead45af","packages/zod/src/v4/core/schemas.ts","typescript",1,5146,45,0,13,365,4.73,16,85,756,11,0
"zod","4d7308828b1a56768741d7cfd6cf476eaead45af","packages/zod/src/v4/core/util.ts","typescript",1,1253,71,2,5,143,3.01,24,43,184,6,0
"zod","4d7308828b1a56768741d7cfd6cf476eaead45af","packages/zod/src/v4/mini/schemas.ts","typescript",1,2047,104,1,4,279,1.17,4,20,342,2,0
"zod","4d7308828b1a56768741d7cfd6cf476eaead45af","packages/zod/src/v4/locales/ps.ts","typescript",0,130,3,0,3,1,1.33,2,3,15,1,0
"zod","4d7308828b1a56768741d7cfd6cf476eaead45af","packages/zod/src/v4/locales/it.ts","typescript",0,120,3,0,3,1,1.33,2,3,15,1,0
"zod","81ded9918fe39d51b232be72f23ba0d5fb6a837e","packages/zod/src/v4/classic/from-json-schema.ts","typescript",1,722,9,0,7,1,19,111,24,219,7,0
"zod","81ded9918fe39d51b232be72f23ba0d5fb6a837e","mm.mjs","javascript",0,9,0,0,3,0,0,0,0,9,0,0
"zod","74f9a6d3f2818f24e6df5394b8b6e60acb176463","packages/zod/src/v4/core/regexes.ts","typescript",1,208,11,0,1,61,2,5,17,21,1,0
"zod","74f9a6d3f2818f24e6df5394b8b6e60acb176463","packages/zod/src/v4/locales/hi.ts","typescript",0,125,3,0,3,1,1.33,2,3,13,1,0
"zod","1a16102a494b03ce1df7b80b663ae2df465f419e","packages/zod/src/v4/core/memoizer.ts","typescript",1,209,10,1,3,4,4.4,15,12,41,5,0
"zod","1a16102a494b03ce1df7b80b663ae2df465f419e","packages/bench/metabench.ts","typescript",0,228,7,4,6,2,3.29,7,4,74,2,0
"zod","7e24a24288183ce02554f1ded7775d0650a7b7e6","packages/zod/src/v4/core/json-schema-processors.ts","typescript",1,743,43,0,6,43,3.7,24,9,111,8,0
"zod","7e24a24288183ce02554f1ded7775d0650a7b7e6","packages/zod/src/v4/core/to-json-schema.ts","typescript",1,851,17,0,6,17,13.47,38,50,145,17,0
"zod","7e24a24288183ce02554f1ded7775d0650a7b7e6","packages/zod/src/v4/locales/pt.ts","typescript",0,158,4,0,4,1,1.5,2,11,26,2,0
"zod","7e24a24288183ce02554f1ded7775d0650a7b7e6","packages/zod/src/v4/core/visit.ts","typescript",0,194,3,0,2,5,23.33,65,19,43,4,0
"zod","d378c42aff6869f0929058a7923cd775880f5c4c","packages/zod/src/v4/classic/schemas.ts","typescript",1,2866,96,0,9,277,1.19,4,126,653,2,0
"zod","d378c42aff6869f0929058a7923cd775880f5c4c","packages/zod/src/v4/core/util.ts","typescript",1,1209,69,1,5,142,3.04,24,42,183,6,0
"zod","d378c42aff6869f0929058a7923cd775880f5c4c","packages/zod/src/v4/core/parse.ts","typescript",0,289,21,0,4,41,1.86,6,25,57,1,0
"zod","d378c42aff6869f0929058a7923cd775880f5c4c","packages/bench/arktype-morph-test.ts","typescript",0,73,0,0,1,0,0,0,0,37,0,0
"zod","43f729db4aa0cedff6d6b3261f33f8556b3c7102","packages/zod/src/v4/core/json-schema-processors.ts","typescript",1,732,43,0,6,43,3.65,24,9,108,8,0
"zod","43f729db4aa0cedff6d6b3261f33f8556b3c7102","packages/bench/compile-helper-scope.ts","typescript",0,110,1,0,4,0,2,2,6,63,0,0
"zod","21a6f0cbd3bef24d47e488a48cc9cb4d0bf97743","packages/zod/src/v4/core/checks.ts","typescript",1,1306,3,0,5,93,2,2,2,125,1,0
"zod","21a6f0cbd3bef24d47e488a48cc9cb4d0bf97743","packages/zod/src/v4/core/compile.ts","typescript",1,2087,76,2,9,6,5.25,46,237,588,20,0
"zod","21a6f0cbd3bef24d47e488a48cc9cb4d0bf97743","packages/zod/src/v4/locales/ua.ts","typescript",0,8,1,0,2,1,1,1,0,3,0,0
"zod","21a6f0cbd3bef24d47e488a48cc9cb4d0bf97743","packages/bench/compile-startswith.ts","typescript",0,57,5,0,1,0,1,1,15,31,1,0
"zod","1cf9cd09271e637fe820be656699dac8664cb13e","packages/zod/src/v4/core/regexes.ts","typescript",1,205,10,0,1,60,2.1,5,17,21,1,0
"zod","1cf9cd09271e637fe820be656699dac8664cb13e","packages/bench/memory/snapshot.ts","typescript",0,134,6,0,4,3,2.83,7,8,32,0,0
"zod","7b612b536d8bcb1dd160a705cc2d9a4109cb50b3","packages/zod/src/v4/core/schemas.ts","typescript",1,5035,42,0,13,359,5.02,16,77,727,12,0
"zod","7b612b536d8bcb1dd160a705cc2d9a4109cb50b3","packages/zod/src/v4/mini/iso.ts","typescript",0,67,4,0,2,12,1,1,0,18,0,0
"zod","1c43b7745a47e2a8c46361cf92280a9c03d52797","packages/zod/src/v4/core/json-schema-processors.ts","typescript",1,730,43,0,6,43,3.65,24,9,107,8,0
"zod","1c43b7745a47e2a8c46361cf92280a9c03d52797","packages/zod/src/v4/core/to-json-schema.ts","typescript",1,730,14,0,6,17,12.93,34,43,107,15,0
"zod","1c43b7745a47e2a8c46361cf92280a9c03d52797","packages/treeshake/zod-default-import.ts","typescript",0,5,0,0,1,0,0,0,0,6,0,0
"zod","1c43b7745a47e2a8c46361cf92280a9c03d52797","packages/zod/src/v4/locales/vi.ts","typescript",0,121,3,0,3,1,1.33,2,3,15,1,0
"zod","a82593c19b27a637fcde21e50c53cb51cc4e27f8","packages/zod/src/v4/core/schemas.ts","typescript",1,5035,41,0,13,359,5.1,16,75,729,12,0
"zod","a82593c19b27a637fcde21e50c53cb51cc4e27f8","packages/zod/src/v4/classic/index.ts","typescript",0,6,0,0,1,2,0,0,0,1,0,0
"zod","a825c1b08c1e6ab4de83890bef053960fb8b814e","packages/zod/src/v4/classic/in-out.ts","typescript",1,40,5,0,4,4,1.6,3,4,13,0,0
"zod","a825c1b08c1e6ab4de83890bef053960fb8b814e","packages/zod/src/v4/core/visit.ts","typescript",1,190,3,0,2,5,23.33,65,19,43,4,0
"zod","a825c1b08c1e6ab4de83890bef053960fb8b814e","packages/zod/src/v4/mini/in-out.ts","typescript",1,40,5,0,4,4,1.6,3,4,13,0,0
"zod","a825c1b08c1e6ab4de83890bef053960fb8b814e","packages/zod/src/v4/core/schemas.ts","typescript",0,5025,41,0,11,359,5.1,16,75,727,12,0
"zod","a825c1b08c1e6ab4de83890bef053960fb8b814e","packages/zod/src/v3/benchmarks/index.ts","typescript",0,60,0,0,9,0,0,0,0,30,0,0
"zod","7c070db92e9b8bb4fa055343b3c9af477b2aae36","packages/zod/src/v4/core/compile.ts","typescript",1,2087,76,2,9,6,5.25,46,237,588,20,0
"zod","7c070db92e9b8bb4fa055343b3c9af477b2aae36","packages/zod/src/v4/core/json-schema-processors.ts","typescript",1,716,43,0,6,43,3.6,24,9,107,8,0
"zod","7c070db92e9b8bb4fa055343b3c9af477b2aae36","packages/zod/src/v4/core/schemas.ts","typescript",1,5025,41,0,11,359,5.1,16,75,727,12,0
"zod","7c070db92e9b8bb4fa055343b3c9af477b2aae36","packages/zod/src/v4/core/registries.ts","typescript",0,106,6,1,2,10,2.5,4,2,15,0,0
"zod","7c070db92e9b8bb4fa055343b3c9af477b2aae36","packages/zod/src/v4/locales/km.ts","typescript",0,123,3,0,3,1,1.33,2,3,15,1,0
"zod","53cec2a0d0941a69d8add934ac3a8695fb5fb14c","packages/zod/src/v4/core/json-schema-processors.ts","typescript",1,714,43,0,6,43,3.56,24,8,106,7,0
"zod","53cec2a0d0941a69d8add934ac3a8695fb5fb14c","packages/zod/src/v4/core/schemas.ts","typescript",1,5013,41,0,11,359,5.1,16,75,725,12,0
"zod","53cec2a0d0941a69d8add934ac3a8695fb5fb14c","packages/treeshake/example.ts","typescript",0,11,0,0,1,0,0,0,0,8,0,0
"zod","53cec2a0d0941a69d8add934ac3a8695fb5fb14c","packages/bench/compile-matrix.ts","typescript",0,450,11,0,3,0,4.09,17,83,353,3,0
"zod","2125d30ce58f66170682d5a50ee4a3e2eac568e3","packages/zod/src/v4/classic/in-out.ts","typescript",1,30,3,0,4,4,1.67,3,1,9,0,0
"zod","2125d30ce58f66170682d5a50ee4a3e2eac568e3","packages/zod/src/v4/mini/in-out.ts","typescript",1,30,3,0,4,4,1.67,3,1,9,0,0
"zod","2125d30ce58f66170682d5a50ee4a3e2eac568e3","packages/bench/object-setup.ts","typescript",0,36,0,0,1,1,0,0,0,11,0,0
"zod","2125d30ce58f66170682d5a50ee4a3e2eac568e3","packages/zod/src/v3/helpers/partialUtil.ts","typescript",0,35,0,0,1,2,0,0,0,1,0,0
"zod","168122fca54452aa30d7261c83df79b703b258d7","packages/zod/src/v4/core/util.ts","typescript",1,1195,68,1,5,142,3.1,24,43,181,6,0
"zod","168122fca54452aa30d7261c83df79b703b258d7","packages/bench/memory/retainers.ts","typescript",0,123,4,0,4,5,4.25,9,0,28,0,0
"zod","51a1368ad449ba0a4dc6e2822dfcbb5ec891700c","packages/zod/src/v4/classic/in-out.ts","typescript",1,22,2,0,3,4,1,1,0,5,0,0
"zod","51a1368ad449ba0a4dc6e2822dfcbb5ec891700c","packages/zod/src/v4/mini/in-out.ts","typescript",1,22,2,0,3,4,1,1,0,5,0,0
"zod","51a1368ad449ba0a4dc6e2822dfcbb5ec891700c","packages/treeshake/zod-locales.ts","typescript",0,6,0,0,1,0,0,0,0,5,0,0
"zod","51a1368ad449ba0a4dc6e2822dfcbb5ec891700c","packages/tsc/bench/strongly-connected.ts","typescript",0,19,0,0,2,0,0,0,1,7,0,0
"zod","a0bfdb39d0c5fdc066189da8e9786ebf4d6f12b1","packages/zod/src/v4/core/checks.ts","typescript",1,1301,3,0,5,93,2,2,2,125,1,0
"zod","a0bfdb39d0c5fdc066189da8e9786ebf4d6f12b1","packages/zod/src/v4/locales/he.ts","typescript",0,252,7,0,3,1,2,3,12,33,2,0
"zod","e516c3baf22615e20934116abebfed6c000222c2","packages/zod/src/v4/classic/from-json-schema.ts","typescript",1,719,9,0,7,1,19,111,24,219,7,0
"zod","e516c3baf22615e20934116abebfed6c000222c2","packages/zod/src/v4/core/json-schema-processors.ts","typescript",1,704,43,0,6,43,3.49,24,8,104,6,0
"zod","e516c3baf22615e20934116abebfed6c000222c2","packages/zod/src/v4/core/schemas.ts","typescript",1,4982,41,0,11,359,4.93,16,75,720,12,0
"zod","e516c3baf22615e20934116abebfed6c000222c2","packages/zod/src/v4/locales/ro.ts","typescript",0,131,3,0,3,1,1.33,2,3,14,1,0
"zod","e516c3baf22615e20934116abebfed6c000222c2","packages/bench/datetime.ts","typescript",0,17,0,0,2,0,0,0,0,11,0,0
"zod","937b5d01a143c36bb53591fffb29c44412ac9fef","packages/zod/src/v4/core/schemas.ts","typescript",1,4975,41,0,11,359,4.93,16,75,720,12,0
"zod","937b5d01a143c36bb53591fffb29c44412ac9fef","packages/zod/src/v4/mini/parse.ts","typescript",0,15,0,0,0,12,0,0,0,0,0,0
"zod","463ebb30512e7b244f2dde197c5a188162b7c78a","packages/zod/src/v4/core/memoizer.ts","typescript",1,196,8,1,3,4,5,14,8,34,5,0
"zod","463ebb30512e7b244f2dde197c5a188162b7c78a","vitest.compile.config.ts","typescript",0,33,0,0,3,1,0,0,0,8,0,0
"zod","f101d8cada31bd99f2df5d5ce094c95b209b2950","packages/zod/src/v4/core/compile.ts","typescript",1,2080,74,2,9,6,5.32,46,231,584,20,0
"zod","f101d8cada31bd99f2df5d5ce094c95b209b2950","packages/zod/src/v4/core/schemas.ts","typescript",1,4974,39,0,11,358,5.13,16,70,713,12,0
"zod","f101d8cada31bd99f2df5d5ce094c95b209b2950","packages/bench/compile-validate-vs-parse.ts","typescript",0,195,8,0,1,0,9.25,17,12,48,3,0
"zod","f101d8cada31bd99f2df5d5ce094c95b209b2950","packages/bench/memory/throughput.ts","typescript",0,80,3,0,2,0,3,5,16,72,1,0
"zod","060bc9f3ec69bff2849f3cc7c17807b863f503b6","packages/zod/src/v4/core/checks.ts","typescript",1,1289,3,0,5,93,2,2,2,122,1,0
"zod","060bc9f3ec69bff2849f3cc7c17807b863f503b6","packages/zod/src/v4/core/compile.ts","typescript",1,2053,73,2,9,6,5.38,46,226,578,20,0
"zod","060bc9f3ec69bff2849f3cc7c17807b863f503b6","packages/zod/src/v4/core/util.ts","typescript",1,1137,66,1,5,140,3.11,24,43,167,6,0
"zod","060bc9f3ec69bff2849f3cc7c17807b863f503b6","packages/zod/src/v4/locales/tk.ts","typescript",0,112,3,0,3,1,1.33,2,3,14,1,0
"zod","060bc9f3ec69bff2849f3cc7c17807b863f503b6","packages/treeshake/valibot-string.ts","typescript",0,5,0,0,1,0,0,0,0,6,0,0
"zod","7785fc82a5247dc65cc27cac8f777f75dfa77f80","packages/zod/src/v4/core/compile.ts","typescript",1,2041,72,2,9,6,5.42,46,223,571,20,0
"zod","7785fc82a5247dc65cc27cac8f777f75dfa77f80","packages/zod/src/v4/core/schemas.ts","typescript",1,4962,39,0,11,358,4.95,16,70,713,9,0
"zod","7785fc82a5247dc65cc27cac8f777f75dfa77f80","packages/bench/object-fail.ts","typescript",0,14,0,0,2,0,0,0,0,6,0,0
"zod","7785fc82a5247dc65cc27cac8f777f75dfa77f80","packages/treeshake/zod3-full.ts","typescript",0,8,0,0,1,1,0,0,0,5,0,0
"zod","17d1227ff61ff7c27ea11cd4ce31f84959534c8c","packages/zod/src/v4/core/regexes.ts","typescript",1,202,10,0,1,60,2,4,16,21,1,0
"zod","17d1227ff61ff7c27ea11cd4ce31f84959534c8c","packages/zod/src/v4/classic/parse.ts","typescript",0,83,0,0,2,15,0,0,0,14,0,0
"zod","dc51404b2593b029166fd942319fda769f7ae631","packages/zod/src/v4/classic/schemas.ts","typescript",1,2849,105,0,8,275,1.18,4,120,653,4,0
"zod","dc51404b2593b029166fd942319fda769f7ae631","packages/zod/src/v4/core/api.ts","typescript",1,1841,115,0,6,254,1.12,7,10,135,2,0
"zod","dc51404b2593b029166fd942319fda769f7ae631","packages/zod/src/v4/core/schemas.ts","typescript",1,4907,38,0,12,355,4.92,16,70,706,9,0
"zod","dc51404b2593b029166fd942319fda769f7ae631","packages/zod/src/v4/mini/schemas.ts","typescript",1,2005,104,1,3,268,1.16,4,20,336,2,0
"zod","dc51404b2593b029166fd942319fda769f7ae631","packages/bench/init.ts","typescript",0,90,0,0,4,0,0,0,0,47,0,0
"zod","dc51404b2593b029166fd942319fda769f7ae631","packages/zod/src/v4/locales/lt.ts","typescript",0,242,5,0,3,1,2.4,5,10,28,1,0
"zod","11c9268b6025be7f2220ee83a1c3f28238a50b84","packages/zod/src/v4/core/compile.ts","typescript",1,2020,72,2,9,6,5.36,46,219,563,20,0
"zod","11c9268b6025be7f2220ee83a1c3f28238a50b84","packages/bench/ipv4-regex.ts","typescript",0,47,0,0,1,0,0,0,0,21,0,0
"zod","c9ec89e0025775eabc1528a311ad1c0e8b2051b9","packages/zod/src/v4/core/compile.ts","typescript",1,2011,72,2,9,6,5.33,46,219,560,20,0
"zod","c9ec89e0025775eabc1528a311ad1c0e8b2051b9","packages/zod/src/v4/core/schemas.ts","typescript",1,4933,37,0,12,351,5.3,16,68,710,10,0
"zod","c9ec89e0025775eabc1528a311ad1c0e8b2051b9","packages/zod/src/v4/locales/kh.ts","typescript",0,8,1,0,2,1,1,1,0,3,0,0
"zod","c9ec89e0025775eabc1528a311ad1c0e8b2051b9","packages/bench/object-safe.ts","typescript",0,14,0,0,2,0,0,0,0,6,0,0
"zod","9f0a3d81221e3ab7c09ca4911ef35b54817869a4","packages/zod/src/v4/core/util.ts","typescript",1,1112,64,1,5,138,3.11,24,42,168,5,0
"zod","9f0a3d81221e3ab7c09ca4911ef35b54817869a4","packages/bench/benchUtil.ts","typescript",0,70,6,0,3,8,2.67,10,8,23,0,0
"zod","604464c306f26b21aa77425b3de97d3467d23ae0","packages/zod/src/v4/core/core.ts","typescript",1,171,7,3,3,15,2.43,6,1,21,1,0
"zod","604464c306f26b21aa77425b3de97d3467d23ae0","packages/zod/src/v4/core/util.ts","typescript",1,1093,64,1,5,138,3.06,24,42,165,5,0
"zod","604464c306f26b21aa77425b3de97d3467d23ae0","packages/tsc/extend.ts","typescript",0,47,0,0,0,0,0,0,0,0,0,0
"zod","604464c306f26b21aa77425b3de97d3467d23ae0","packages/zod/src/v4/mini/schemas.ts","typescript",0,2005,104,1,3,268,1.16,4,20,335,2,0
"zod","7378e7cdb67429b4be9c88e93efbda2ea0e59fce","packages/zod/src/v4/locales/da.ts","typescript",1,127,3,0,3,1,1.33,2,3,15,1,0
"zod","7378e7cdb67429b4be9c88e93efbda2ea0e59fce","packages/zod/src/v4/locales/nn.ts","typescript",1,120,3,0,3,1,1.33,2,3,15,1,0
"zod","7378e7cdb67429b4be9c88e93efbda2ea0e59fce","packages/zod/src/v4/locales/no.ts","typescript",1,120,3,0,3,1,1.33,2,3,15,1,0
"zod","7378e7cdb67429b4be9c88e93efbda2ea0e59fce","packages/zod/src/v4/locales/sv.ts","typescript",1,123,3,0,3,1,1.33,2,3,15,1,0
"zod","7378e7cdb67429b4be9c88e93efbda2ea0e59fce","packages/zod/src/v4/locales/ko.ts","typescript",0,125,3,0,3,1,1.33,2,3,15,1,0
"zod","7378e7cdb67429b4be9c88e93efbda2ea0e59fce","packages/bench/object-creation.ts","typescript",0,19,1,1,1,0,1,1,0,5,0,0
"zod","73bacbbb6b83b49b679e141f73f2fd915a514911","packages/zod/src/v4/locales/bn.ts","typescript",1,121,3,0,3,1,1.33,2,3,17,1,0
"zod","73bacbbb6b83b49b679e141f73f2fd915a514911","packages/zod/src/v4/locales/ckb.ts","typescript",1,138,3,0,3,1,1.33,2,3,20,1,0
"zod","73bacbbb6b83b49b679e141f73f2fd915a514911","packages/zod/src/v4/locales/hi.ts","typescript",1,124,3,0,3,1,1.33,2,3,13,1,0
"zod","73bacbbb6b83b49b679e141f73f2fd915a514911","packages/zod/src/v4/locales/kn.ts","typescript",1,124,3,0,3,1,1.33,2,3,17,1,0
"zod","73bacbbb6b83b49b679e141f73f2fd915a514911","packages/zod/src/v4/locales/nn.ts","typescript",1,117,3,0,3,1,1.33,2,3,15,1,0
"zod","73bacbbb6b83b49b679e141f73f2fd915a514911","packages/zod/src/v4/locales/sk.ts","typescript",1,121,3,0,3,1,1.33,2,3,15,1,0
"zod","73bacbbb6b83b49b679e141f73f2fd915a514911","packages/zod/src/v4/locales/tk.ts","typescript",1,110,3,0,3,1,1.33,2,3,14,1,0
"zod","73bacbbb6b83b49b679e141f73f2fd915a514911","packages/zod/src/v4/classic/iso.ts","typescript",0,21,4,0,2,8,1,1,0,6,0,0
"zod","73bacbbb6b83b49b679e141f73f2fd915a514911","packages/treeshake/zod-mini-string.ts","typescript",0,6,0,0,1,0,0,0,0,6,0,0
"zod","8f813b1e83bd11b3efcfca7084655fa473742e1e","packages/zod/src/v4/classic/from-json-schema.ts","typescript",1,717,9,0,7,1,18.78,109,24,219,7,0
"zod","8f813b1e83bd11b3efcfca7084655fa473742e1e","packages/treeshake/zod-object.ts","typescript",0,10,0,0,1,0,0,0,0,6,0,0
"zod","e03d8587a16a4c635102b2415bc9dff6ee5f6ecf","packages/zod/src/v4/classic/schemas.ts","typescript",1,2851,105,0,8,275,1.18,4,120,652,4,0
"zod","e03d8587a16a4c635102b2415bc9dff6ee5f6ecf","packages/zod/src/v4/core/json-schema-processors.ts","typescript",1,704,43,0,6,43,3.49,24,8,104,6,0
"zod","e03d8587a16a4c635102b2415bc9dff6ee5f6ecf","packages/zod/src/v4/core/schemas.ts","typescript",1,4860,33,0,12,347,5.18,16,66,697,9,0
"zod","e03d8587a16a4c635102b2415bc9dff6ee5f6ecf","packages/zod/src/v4/core/util.ts","typescript",1,1066,63,1,5,137,3.08,24,42,160,5,0
"zod","e03d8587a16a4c635102b2415bc9dff6ee5f6ecf","packages/zod/src/v4/locales/ms.ts","typescript",0,117,3,0,3,1,1.33,2,3,15,1,0
"zod","e03d8587a16a4c635102b2415bc9dff6ee5f6ecf","packages/treeshake/zod-full.ts","typescript",0,8,0,0,1,1,0,0,0,5,0,0
"zod","0175a043c7dde9238c9984bce4e4c3471a65582c","packages/resolution/src/index.ts","typescript",1,38,0,0,9,0,0,0,0,42,0,0
"zod","0175a043c7dde9238c9984bce4e4c3471a65582c","packages/zod/src/v4/locales/fr.ts","typescript",1,134,3,0,3,1,1.33,2,3,15,1,0
"zod","0175a043c7dde9238c9984bce4e4c3471a65582c","packages/zod/src/v4/core/json-schema.ts","typescript",0,148,0,0,0,11,0,0,0,0,0,0
"zod","0175a043c7dde9238c9984bce4e4c3471a65582c","packages/zod/src/v4/locales/hi.ts","typescript",0,124,3,0,3,1,1.33,2,3,13,1,0
"zod","ba98071c77c242c01a2d8e6d284e4fcfb4bb9a5e","packages/zod/src/v4/classic/schemas.ts","typescript",1,2851,105,0,8,275,1.18,4,120,652,4,0
"zod","ba98071c77c242c01a2d8e6d284e4fcfb4bb9a5e","packages/zod/src/v4/core/api.ts","typescript",1,1841,115,0,6,254,1.12,7,10,134,2,0
"zod","ba98071c77c242c01a2d8e6d284e4fcfb4bb9a5e","packages/bench/object.ts","typescript",0,49,0,0,4,0,0,0,0,32,0,0
"zod","ba98071c77c242c01a2d8e6d284e4fcfb4bb9a5e","packages/zod/src/v4/core/util.ts","typescript",0,1066,63,1,5,137,3.08,24,42,160,5,0
"zod","79cfedea29912cb40d7373f6643fad57480df966","packages/zod/src/v4/locales/fr.ts","typescript",1,134,3,0,3,1,1.33,2,3,15,1,0
"zod","79cfedea29912cb40d7373f6643fad57480df966","packages/bench/memory/leaks.ts","typescript",0,144,2,0,2,0,1.5,2,6,78,0,0
"zod","4d6b5cd3eb36e650fec0586bc085ed7263d43ef4","packages/zod/src/v4/core/json-schema-processors.ts","typescript",1,708,43,0,6,43,3.49,24,7,103,7,0
"zod","4d6b5cd3eb36e650fec0586bc085ed7263d43ef4","packages/bench/memory/survey.ts","typescript",0,81,1,0,2,0,12,12,1,66,1,0
"zod","2abc9e0557343863b9429e29b1b8909591d52f62","packages/zod/src/v4/core/json-schema-processors.ts","typescript",1,681,42,0,6,43,3.48,24,5,101,7,0
"zod","2abc9e0557343863b9429e29b1b8909591d52f62","packages/zod/src/v4/locales/sl.ts","typescript",0,120,3,0,3,1,1.33,2,3,15,1,0
"zod","973b1b44e182ad2eeba50fb57e926c69df67cdb2","packages/zod/src/v4/core/json-schema-processors.ts","typescript",1,664,41,0,6,43,3.46,24,2,97,7,0
"zod","973b1b44e182ad2eeba50fb57e926c69df67cdb2","packages/zod/src/v4/locales/hu.ts","typescript",0,119,3,0,3,1,1.33,2,3,15,1,0
"zod","5e608851fbc7659855e096239e36b9147af8a187","packages/zod/src/v4/core/to-json-schema.ts","typescript",1,714,13,0,6,17,12.38,33,41,99,14,0
"zod","5e608851fbc7659855e096239e36b9147af8a187","packages/zod/src/v3/benchmarks/object.ts","typescript",0,70,0,0,2,1,0,0,0,33,0,0
"zod","4cc4053d28fe6879fa360e2780ab52226202904e","packages/zod/src/v4/core/schemas.ts","typescript",1,4826,32,0,12,346,4.91,16,64,675,8,0
"zod","4cc4053d28fe6879fa360e2780ab52226202904e","packages/zod/src/v4/locales/be.ts","typescript",0,178,4,0,3,1,2.5,6,5,20,1,0
"zod","69be843f4864a6c320fb02a4f58f0e700526553c","packages/zod/src/v4/core/schemas.ts","typescript",1,4819,32,0,12,346,4.91,16,64,675,8,0
"zod","69be843f4864a6c320fb02a4f58f0e700526553c","packages/zod/src/v4/classic/schemas.ts","typescript",0,2833,105,0,8,275,1.18,4,120,644,4,0
"zod","b899cd17eb77bb82f352bb207eff50fcde9ce93a","packages/zod/src/v4/core/schemas.ts","typescript",1,4825,32,0,12,346,4.91,16,64,675,8,0
"zod","b899cd17eb77bb82f352bb207eff50fcde9ce93a","vitest.config.ts","typescript",0,33,0,0,3,1,0,0,0,7,0,0
"zod","d7b209f3928266a3e5cd7d5f8973fc9047be0791","packages/zod/src/v4/classic/from-json-schema.ts","typescript",1,702,8,0,7,1,20.38,107,24,217,7,0
"zod","d7b209f3928266a3e5cd7d5f8973fc9047be0791","packages/bench/boolean.ts","typescript",0,17,0,0,2,0,0,0,0,10,0,0
"zod","b53e53ccb3941bd3c8c651b4b1dcf1b5484726b0","packages/zod/src/v4/core/util.ts","typescript",1,1057,62,1,5,136,3.05,24,42,159,5,0
"zod","b53e53ccb3941bd3c8c651b4b1dcf1b5484726b0","packages/zod/src/v4/mini/schemas.ts","typescript",1,1981,103,1,3,266,1.17,4,20,334,2,0
"zod","b53e53ccb3941bd3c8c651b4b1dcf1b5484726b0","packages/zod/src/v3/benchmarks/discriminatedUnion.ts","typescript",0,81,0,0,2,1,0,0,0,32,0,0
"zod","b53e53ccb3941bd3c8c651b4b1dcf1b5484726b0","packages/zod/src/v4/core/index.ts","typescript",0,17,0,0,0,6,0,0,0,0,0,0
"zod","421cc9a507086377f257d76030966371b7b8f1b2","packages/zod/src/v4/locales/en.ts","typescript",1,135,4,0,3,1,2.25,5,5,21,1,0
"zod","421cc9a507086377f257d76030966371b7b8f1b2","packages/treeshake/zod-string.ts","typescript",0,6,0,0,1,0,0,0,0,5,0,0
"zod","4c27fe87976731e2347b0b9daa8f8d5fc8a19ac8","packages/zod/src/v4/classic/from-json-schema.ts","typescript",1,696,7,0,7,1,23,107,23,214,7,0
"zod","4c27fe87976731e2347b0b9daa8f8d5fc8a19ac8","packages/bench/memory/leaks.ts","typescript",0,146,2,0,2,0,1.5,2,6,78,0,0
"zod","a106fbe7ae574cbb7045606e173671aad3eb1cd6","packages/zod/src/v4/core/errors.ts","typescript",1,542,12,0,5,42,3.75,12,10,66,10,0
"zod","a106fbe7ae574cbb7045606e173671aad3eb1cd6","packages/zod/src/v4/core/schemas.ts","typescript",1,4821,32,0,12,346,4.84,16,64,675,8,0
"zod","a106fbe7ae574cbb7045606e173671aad3eb1cd6","packages/zod/src/v4/locales/en.ts","typescript",1,132,4,0,3,1,2.25,5,5,21,1,0
"zod","a106fbe7ae574cbb7045606e173671aad3eb1cd6","packages/zod/src/v4/core/json-schema-processors.ts","typescript",0,664,41,0,6,43,3.46,24,2,97,7,0
"zod","a106fbe7ae574cbb7045606e173671aad3eb1cd6","packages/zod/src/v4/mini/external.ts","typescript",0,42,0,0,0,28,0,0,0,0,0,0
"zod","e8034ebafe9dcd4be0af6e7b90f324fafaaa0324","packages/zod/src/v4/classic/from-json-schema.ts","typescript",1,692,6,0,7,1,26.83,111,22,212,7,0
"zod","e8034ebafe9dcd4be0af6e7b90f324fafaaa0324","packages/treeshake/example-mini.ts","typescript",0,9,0,0,1,0,0,0,0,9,0,0
"zod","784e5c264284a9424dc7ebdf538ad7bde0c77e4c","packages/zod/src/v4/classic/from-json-schema.ts","typescript",1,689,5,0,7,1,31.6,109,20,210,7,0
"zod","784e5c264284a9424dc7ebdf538ad7bde0c77e4c","packages/tsc/bench/object-with-extend.ts","typescript",0,35,0,0,2,0,0,0,1,11,0,0
"zod","97edd70a8f0d34ec6f50e8255713d3d49a106e2c","packages/zod/src/index.ts","typescript",1,5,0,0,1,2,0,0,0,1,0,0
"zod","97edd70a8f0d34ec6f50e8255713d3d49a106e2c","packages/zod/src/v4/classic/index.ts","typescript",1,6,0,0,1,2,0,0,0,1,0,0
"zod","97edd70a8f0d34ec6f50e8255713d3d49a106e2c","packages/zod/src/v4/index.ts","typescript",1,5,0,0,1,1,0,0,0,1,0,0
"zod","97edd70a8f0d34ec6f50e8255713d3d49a106e2c","packages/zod/src/v4/locales/ur.ts","typescript",0,121,3,0,3,1,1.33,2,3,15,1,0
"zod","97edd70a8f0d34ec6f50e8255713d3d49a106e2c","packages/zod/src/v4/locales/eo.ts","typescript",0,120,3,0,3,1,1.33,2,3,15,1,0
"zod","f150020d381ef0b3498bdfcc2a27319b0d6d0057","packages/zod/src/v4/core/json-schema-processors.ts","typescript",1,650,41,0,6,43,3.22,15,2,97,7,0
"zod","f150020d381ef0b3498bdfcc2a27319b0d6d0057","packages/zod/src/v3/standard-schema.ts","typescript",0,114,0,0,0,11,0,0,0,0,0,0
"zod","faf33a2880f21910ef72e3f93636e4fc561fdea4","packages/zod/src/v4/core/schemas.ts","typescript",1,4821,32,0,12,346,4.84,16,64,675,8,0
"zod","faf33a2880f21910ef72e3f93636e4fc561fdea4","packages/bench/single-element-enum.ts","typescript",0,25,0,0,2,0,0,0,0,14,0,0
"zod","3956224a3d445c12f2eb57f0bf3c18d8aa3e6ded","packages/zod/src/v4/classic/compat.ts","typescript",1,71,2,0,2,16,1,1,0,4,0,0
"zod","3956224a3d445c12f2eb57f0bf3c18d8aa3e6ded","packages/zod/src/v4/classic/errors.ts","typescript",1,95,2,0,3,8,1.5,2,4,24,0,0
"zod","3956224a3d445c12f2eb57f0bf3c18d8aa3e6ded","packages/zod/src/v4/locales/bg.ts","typescript",0,130,3,0,3,1,1.33,2,3,15,1,0
"zod","3956224a3d445c12f2eb57f0bf3c18d8aa3e6ded","packages/zod/src/v4/core/config.ts","typescript",0,16,1,0,1,3,2,2,0,2,0,0
"zod","bd18314c6d0e29a7890ecea73e206f8bbca54ec9","packages/zod/src/v4/core/checks.ts","typescript",1,1295,1,0,5,93,2,2,2,126,1,0
"zod","bd18314c6d0e29a7890ecea73e206f8bbca54ec9","packages/zod/src/v4/locales/ota.ts","typescript",0,119,3,0,3,1,1.33,2,3,15,1,0
"zod","2a5164f5e753650c0dca74801c6cde38ca7be7d8","packages/zod/src/v4/core/to-json-schema.ts","typescript",1,672,12,0,6,17,12.67,33,39,95,14,0
"zod","2a5164f5e753650c0dca74801c6cde38ca7be7d8","packages/treeshake/valibot-simple-object.ts","typescript",0,17,0,0,1,0,0,0,0,11,0,0
"zod","0e5bc4b123caf31a5f34a010a36f6f82638f57b1","packages/zod/src/v4/core/regexes.ts","typescript",1,204,10,0,1,60,2,4,16,21,1,0
"zod","0e5bc4b123caf31a5f34a010a36f6f82638f57b1","packages/treeshake/zod-mini-simple-object.ts","typescript",0,19,0,0,1,0,0,0,0,11,0,0
"zod","c8f06d36fc1b56b99c8a12b2a3270394387cb507","packages/zod/src/v4/classic/from-json-schema.ts","typescript",1,664,5,0,7,1,31.4,108,20,200,7,0
"zod","c8f06d36fc1b56b99c8a12b2a3270394387cb507","packages/zod/src/v4/mini/checks.ts","typescript",0,33,0,0,0,30,0,0,0,0,0,0
"zod","9a7ecc358b5b9bf9e2a682cf797ae4c14413e5a6","packages/zod/src/v4/core/schemas.ts","typescript",1,4821,32,0,12,346,4.84,16,64,674,8,0
"zod","9a7ecc358b5b9bf9e2a682cf797ae4c14413e5a6","packages/zod/src/v4/locales/en.ts","typescript",1,125,3,0,3,1,1.33,2,3,17,1,0
"zod","9a7ecc358b5b9bf9e2a682cf797ae4c14413e5a6","packages/zod/src/v4/locales/zh-TW.ts","typescript",0,117,3,0,3,1,1.33,2,3,15,1,0
"zod","9a7ecc358b5b9bf9e2a682cf797ae4c14413e5a6","packages/zod/src/v4/locales/hr.ts","typescript",0,133,3,0,3,1,1.33,2,3,15,1,0
"zod","0a76f3d7ba299084e505b55fe7adf65262e86c79","packages/zod/src/v4/classic/from-json-schema.ts","typescript",1,664,5,0,7,1,31.4,108,20,200,7,0
"zod","0a76f3d7ba299084e505b55fe7adf65262e86c79","packages/tsc/bench/omit-extend.ts","typescript",0,53,0,0,2,0,0,0,1,19,0,0
"zod","3063993a3317ac8af7a244691b837fce3e53aa96","packages/zod/src/v4/classic/schemas.ts","typescript",1,2817,104,0,8,272,1.18,4,120,640,4,0
"zod","3063993a3317ac8af7a244691b837fce3e53aa96","packages/zod/src/v4/core/schemas.ts","typescript",1,4766,30,0,12,341,5,16,62,667,8,0
"zod","3063993a3317ac8af7a244691b837fce3e53aa96","packages/zod/src/v4/locales/no.ts","typescript",0,117,3,0,3,1,1.33,2,3,15,1,0
"zod","3063993a3317ac8af7a244691b837fce3e53aa96","packages/zod/src/v3/ZodError.ts","typescript",0,344,11,1,3,32,2.55,12,4,27,3,0
"zod","81d9fc6cf47da97ad4ef2c43de02276fba249790","packages/zod/src/v4/classic/external.ts","typescript",1,53,0,0,2,35,0,0,0,4,0,0
"zod","81d9fc6cf47da97ad4ef2c43de02276fba249790","packages/zod/src/v4/classic/schemas.ts","typescript",1,2737,94,0,7,272,1.2,4,86,647,2,0
"zod","81d9fc6cf47da97ad4ef2c43de02276fba249790","packages/zod/src/v3/helpers/errorUtil.ts","typescript",0,9,2,0,0,4,2.5,3,0,0,0,0
"zod","81d9fc6cf47da97ad4ef2c43de02276fba249790","packages/bench/union.ts","typescript",0,30,0,0,2,0,0,0,0,16,0,0
"zod","7708d4471eb2921e89c57ef5ad4785864eeff922","packages/zod/src/v3/types.ts","typescript",1,5139,249,39,9,188,2.56,59,295,854,32,0
"zod","7708d4471eb2921e89c57ef5ad4785864eeff922","packages/zod/src/v4/core/schemas.ts","typescript",1,4786,33,0,12,340,4.79,14,78,689,8,0
"zod","7708d4471eb2921e89c57ef5ad4785864eeff922","packages/zod/src/v4/locales/hy.ts","typescript",0,165,5,0,3,1,1.8,3,11,27,2,0
"zod","7708d4471eb2921e89c57ef5ad4785864eeff922","packages/zod/vitest.config.ts","typescript",0,17,0,0,2,1,0,0,0,4,0,0
"zod","600c690963eeb7199b7f4ce63a4db7c29f0d99c0","packages/zod/src/v3/ZodError.ts","typescript",1,336,11,1,3,32,2.36,10,4,25,2,0
"zod","600c690963eeb7199b7f4ce63a4db7c29f0d99c0","packages/zod/src/v4/classic/schemas.ts","typescript",1,2738,94,0,7,272,1.2,4,86,648,2,0
"zod","600c690963eeb7199b7f4ce63a4db7c29f0d99c0","packages/zod/src/v4/core/api.ts","typescript",1,1824,114,0,6,251,1.12,7,10,133,2,0
"zod","600c690963eeb7199b7f4ce63a4db7c29f0d99c0","packages/zod/src/v4/core/errors.ts","typescript",1,492,9,0,5,42,4.33,11,10,58,6,0
"zod","600c690963eeb7199b7f4ce63a4db7c29f0d99c0","packages/zod/src/v4/core/json-schema-processors.ts","typescript",1,676,41,0,6,43,3.49,15,2,82,7,0
"zod","600c690963eeb7199b7f4ce63a4db7c29f0d99c0","packages/zod/src/v4/core/schemas.ts","typescript",1,4759,30,0,12,340,4.93,14,71,673,8,0
"zod","600c690963eeb7199b7f4ce63a4db7c29f0d99c0","packages/zod/src/v4/core/to-json-schema.ts","typescript",1,624,10,0,6,15,14.3,33,35,90,14,0
"zod","600c690963eeb7199b7f4ce63a4db7c29f0d99c0","packages/zod/src/v4/core/util.ts","typescript",1,986,57,1,5,131,3.12,24,35,140,5,0
"zod","600c690963eeb7199b7f4ce63a4db7c29f0d99c0","packages/zod/src/v4/mini/schemas.ts","typescript",1,1948,101,1,3,263,1.16,4,20,329,2,0
"zod","600c690963eeb7199b7f4ce63a4db7c29f0d99c0","packages/zod/src/v4/core/doc.ts","typescript",0,45,4,1,0,1,2,3,0,13,0,0
"zod","600c690963eeb7199b7f4ce63a4db7c29f0d99c0","packages/zod/src/v4/locales/eo.ts","typescript",0,119,3,0,3,1,1.33,2,3,15,1,0
"zod","e7029aa43b848a14d632bb99394a304a7f205bc9","packages/zod/src/v4/core/errors.ts","typescript",1,464,9,0,5,42,4.11,10,12,56,4,0
"zod","e7029aa43b848a14d632bb99394a304a7f205bc9","packages/treeshake/zod-mini-boolean.ts","typescript",0,5,0,0,1,0,0,0,0,4,0,0
"zod","7f20a26aa216c56f6a673017c87ca4cb105dc23c","packages/zod/src/v4/core/schemas.ts","typescript",1,4753,30,0,12,340,4.9,14,71,672,7,0
"zod","7f20a26aa216c56f6a673017c87ca4cb105dc23c","packages/bench/metabench.ts","typescript",0,228,7,4,6,2,3.29,7,4,74,2,0
"zod","8bb89ea4a0e1878a2d73de921ca459e99086c545","packages/zod/src/v4/core/schemas.ts","typescript",1,4748,30,0,12,340,4.9,14,71,672,7,0
"zod","8bb89ea4a0e1878a2d73de921ca459e99086c545","packages/zod/src/v4/locales/be.ts","typescript",0,177,4,0,3,1,2.5,6,5,20,1,0
"zod","c58764c561893728bc7ce39f36dffb94b4b85387","packages/zod/src/v4/core/schemas.ts","typescript",1,4731,28,0,12,340,5.11,14,61,660,7,0
"zod","c58764c561893728bc7ce39f36dffb94b4b85387","packages/zod/src/v4/classic/external.ts","typescript",0,53,0,0,2,35,0,0,0,4,0,0
"zod","e6c213ec5dd73fa397b94fdca334d238e289a195","packages/zod/src/v3/types.ts","typescript",1,5139,249,39,9,188,2.56,59,295,854,32,0
"zod","e6c213ec5dd73fa397b94fdca334d238e289a195","packages/zod/src/v4/core/regexes.ts","typescript",1,191,9,0,1,59,2.11,4,15,20,1,0
"zod","e6c213ec5dd73fa397b94fdca334d238e289a195","packages/zod/src/v4/locales/ur.ts","typescript",0,120,3,0,3,1,1.33,2,3,15,1,0
"zod","e6c213ec5dd73fa397b94fdca334d238e289a195","packages/zod/src/v4/classic/errors.ts","typescript",0,83,1,0,3,8,1,1,0,13,0,0
"zod","573fcb75f7e08e8789cb9a1dbfa3a6128232d4af","packages/zod/src/v4/classic/from-json-schema.ts","typescript",1,660,5,0,6,1,31.2,107,20,195,7,0
"zod","573fcb75f7e08e8789cb9a1dbfa3a6128232d4af","packages/zod/src/v4/core/json-schema-processors.ts","typescript",1,670,41,0,6,43,3.49,15,2,80,6,0
"zod","573fcb75f7e08e8789cb9a1dbfa3a6128232d4af","packages/zod/src/v4/core/to-json-schema.ts","typescript",1,623,10,0,5,15,14.3,33,35,88,14,0
"zod","573fcb75f7e08e8789cb9a1dbfa3a6128232d4af","packages/zod/src/v4/locales/da.ts","typescript",0,124,3,0,3,1,1.33,2,3,15,1,0
"zod","573fcb75f7e08e8789cb9a1dbfa3a6128232d4af","packages/zod/src/v4/locales/hr.ts","typescript",0,132,3,0,3,1,1.33,2,3,15,1,0
"zod","f722bcddab2bb02bb7c2d801d736f042b99a2cfb","packages/zod/src/v3/ZodError.ts","typescript",1,331,11,1,3,32,2.36,10,4,23,1,0
"zod","f722bcddab2bb02bb7c2d801d736f042b99a2cfb","packages/zod/src/v4/core/errors.ts","typescript",1,456,8,0,5,42,4.63,11,9,49,4,0
"zod","f722bcddab2bb02bb7c2d801d736f042b99a2cfb","packages/tsc/generate.ts","typescript",0,356,4,0,2,6,10,21,12,97,7,0
"zod","f722bcddab2bb02bb7c2d801d736f042b99a2cfb","packages/zod/src/v4/locales/is.ts","typescript",0,120,3,0,3,1,1.33,2,3,15,1,0
"zod","ee7376ad3ac04ede2567a7074762d20b0de1de6d","packages/zod/src/v4/core/regexes.ts","typescript",1,191,9,0,1,59,2.11,4,15,20,1,0
"zod","ee7376ad3ac04ede2567a7074762d20b0de1de6d","packages/zod/src/v4/locales/hu.ts","typescript",0,118,3,0,3,1,1.33,2,3,15,1,0
"zod","fbe8ad1b709460fc45d88fdcb5eca591198de60d","packages/zod/src/v4/classic/iso.ts","typescript",1,91,4,0,2,12,1,1,0,18,0,0
"zod","fbe8ad1b709460fc45d88fdcb5eca591198de60d","packages/zod/src/v4/classic/schemas.ts","typescript",1,2673,94,0,8,264,1.2,4,86,637,2,0
"zod","fbe8ad1b709460fc45d88fdcb5eca591198de60d","packages/zod/src/v4/locales/pl.ts","typescript",0,119,3,0,3,1,1.33,2,3,15,1,0
"zod","fbe8ad1b709460fc45d88fdcb5eca591198de60d","packages/zod/src/v3/helpers/parseUtil.ts","typescript",0,177,13,1,4,24,2.46,9,1,19,0,0
"zod","1fb56a5c18c27102dbc92260a4007c7732a0ccca","packages/zod/src/v4/core/json-schema-processors.ts","typescript",1,667,41,0,6,43,3.46,15,2,80,6,0
"zod","1fb56a5c18c27102dbc92260a4007c7732a0ccca","packages/zod/src/v4/locales/fr.ts","typescript",0,133,3,0,3,1,1.33,2,3,15,1,0
"zod","1cab69383fcdeae2a366d5e2a2fc4d8fc765d168","packages/zod/src/v4/classic/schemas.ts","typescript",1,2671,94,0,8,264,1.2,4,86,637,2,0
"zod","1cab69383fcdeae2a366d5e2a2fc4d8fc765d168","packages/zod/src/v4/core/schemas.ts","typescript",1,4727,28,0,12,340,5.11,14,61,662,7,0
"zod","1cab69383fcdeae2a366d5e2a2fc4d8fc765d168","packages/resolution/vitest.config.ts","typescript",0,16,0,0,2,1,0,0,0,4,0,0
"zod","1cab69383fcdeae2a366d5e2a2fc4d8fc765d168","packages/bench/string.ts","typescript",0,17,0,0,2,0,0,0,0,10,0,0
"zod","b8dffe9e62f17e6571e6249d05cc5102b54d94e4","packages/zod/src/v4/core/schemas.ts","typescript",1,4722,28,0,12,340,5.07,14,61,663,7,0
"zod","b8dffe9e62f17e6571e6249d05cc5102b54d94e4","packages/zod/src/v4/locales/nl.ts","typescript",0,122,3,0,3,1,1.33,2,3,15,1,0
"zod","95ccab423aec720b2523c3a64cdc7e3204537cc7","packages/zod/src/v4/core/schemas.ts","typescript",1,4692,27,0,12,336,5.15,14,59,659,7,0
"zod","95ccab423aec720b2523c3a64cdc7e3204537cc7","packages/zod/src/v4/core/registries.ts","typescript",0,106,6,1,2,10,2.5,4,2,15,0,0
"zod","ad0b82713e70e53707dd5e6497c9d922fcba3721","packages/zod/src/v4/core/schemas.ts","typescript",1,4692,27,0,12,336,5.15,14,59,659,7,0
"zod","ad0b82713e70e53707dd5e6497c9d922fcba3721","scripts/write-stub-package-jsons.ts","typescript",1,88,2,0,2,0,6.5,9,3,19,1,0
"zod","ad0b82713e70e53707dd5e6497c9d922fcba3721","packages/zod/src/v4/locales/ro.ts","typescript",0,130,3,0,3,1,1.33,2,3,14,1,0
"zod","ad0b82713e70e53707dd5e6497c9d922fcba3721","packages/zod/src/v4/locales/ps.ts","typescript",0,127,3,0,3,1,1.33,2,3,15,1,0
"zod","ec979ad783a9e9c992d3c9bd4e5f3b56110b1ef8","packages/zod/src/v4/core/schemas.ts","typescript",1,4608,26,0,12,336,4.81,14,59,655,7,0
"zod","ec979ad783a9e9c992d3c9bd4e5f3b56110b1ef8","scripts/write-stub-package-jsons.ts","typescript",0,88,2,0,2,0,6.5,9,3,19,1,0
"zod","57d80a82bde8877f3eb79e5dad9786096c37490f","packages/zod/src/v4/core/parse.ts","typescript",1,196,12,0,4,37,1,1,20,49,1,0
"zod","57d80a82bde8877f3eb79e5dad9786096c37490f","packages/zod/src/v4/locales/vi.ts","typescript",0,118,3,0,3,1,1.33,2,3,15,1,0
"zod","8fcb71a5ffa5b32a508ac8bb38b7e1e13c387bf5","packages/zod/src/v4/core/schemas.ts","typescript",1,4606,26,0,12,336,4.77,14,59,655,7,0
"zod","8fcb71a5ffa5b32a508ac8bb38b7e1e13c387bf5","packages/treeshake/zod3-boolean.ts","typescript",0,5,0,0,1,0,0,0,0,4,0,0
"zod","fa4a37404966d7ada0f5bb02ceeb592f1d4d9c52","packages/zod/src/v4/core/to-json-schema.ts","typescript",1,622,10,0,5,15,14.2,32,35,87,14,0
"zod","fa4a37404966d7ada0f5bb02ceeb592f1d4d9c52","packages/zod/src/v4/locales/ru.ts","typescript",0,177,4,0,3,1,2.5,6,5,20,1,0
"zod","757f0b0f5217e0e7125478cd91af1e2c0cd21aa9","packages/zod/src/v4/classic/schemas.ts","typescript",1,2452,93,0,8,262,1.17,4,45,628,2,0
"zod","757f0b0f5217e0e7125478cd91af1e2c0cd21aa9","packages/zod/src/v4/mini/schemas.ts","typescript",1,1948,101,1,3,263,1.16,4,20,329,2,0
"zod","757f0b0f5217e0e7125478cd91af1e2c0cd21aa9","packages/zod/src/v3/errors.ts","typescript",0,14,2,0,2,3,1,1,0,2,0,0
"zod","757f0b0f5217e0e7125478cd91af1e2c0cd21aa9","packages/bench/error-handling.ts","typescript",0,34,0,0,4,0,0,0,0,14,0,0
"zod","6217527e4880054dda5e4d33aa12192a36a35062","packages/zod/src/v4/classic/schemas.ts","typescript",1,2452,93,0,8,262,1.17,4,45,628,2,0
"zod","6217527e4880054dda5e4d33aa12192a36a35062","packages/treeshake/zod-locale.ts","typescript",0,6,0,0,2,0,0,0,0,4,0,0
"zod","195e86962b5156012a4cdcfbff87dffddce87b78","packages/zod/src/v4/core/schemas.ts","typescript",1,4570,26,0,12,336,4.77,14,59,650,7,0
"zod","195e86962b5156012a4cdcfbff87dffddce87b78","packages/zod/src/v4/classic/schemas.ts","typescript",0,2431,93,0,8,262,1.17,4,45,628,2,0
"zod","b9b62c65357c2b0fed4ae046a30c8e84e4094202","packages/zod/src/v4/core/schemas.ts","typescript",1,4572,26,0,12,336,4.77,14,59,650,7,0
"zod","b9b62c65357c2b0fed4ae046a30c8e84e4094202","packages/bench/instanceof.ts","typescript",0,70,12,1,2,0,1.58,3,11,29,1,0
"zod","584b1089e1fc7bfcc97797576eff8da85bcdf031","packages/zod/src/v4/core/util.ts","typescript",1,970,57,1,4,131,3.12,24,35,139,5,0
"zod","584b1089e1fc7bfcc97797576eff8da85bcdf031","packages/zod/src/v4/locales/de.ts","typescript",0,117,3,0,3,1,1.33,2,3,15,1,0
"zod","15cafa13940b7055cc21e4ef440a6a0c6b7af72b","packages/zod/src/v4/core/schemas.ts","typescript",1,4570,26,0,12,336,4.73,14,59,649,7,0
"zod","15cafa13940b7055cc21e4ef440a6a0c6b7af72b","packages/bench/array.ts","typescript",0,21,0,0,2,0,0,0,0,16,0,0
"zod","23edf4844bcd89fa37c549dab187ce7f86728540","packages/zod/src/v4/core/util.ts","typescript",1,967,57,1,4,131,3.09,24,35,139,5,0
"zod","23edf4844bcd89fa37c549dab187ce7f86728540","packages/zod/src/v3/types.ts","typescript",0,5139,249,39,9,188,2.55,59,295,848,32,0
"zod","34f601590351e5d3a57fe20c001155940ba65324","packages/zod/src/v3/benchmarks/ipv4.ts","typescript",0,58,0,0,1,1,0,0,0,22,0,0
"zod","b6b1288277e6ca87dab0ad1c7251b92612b7445c","packages/zod/src/v4/core/util.ts","typescript",1,965,57,1,4,131,3.05,24,35,139,5,0
"zod","b6b1288277e6ca87dab0ad1c7251b92612b7445c","packages/zod/src/v4/core/errors.ts","typescript",0,456,8,0,5,42,4.63,11,9,49,4,0
"zod","bf6d99ed76be86e4871d2381ecd9832293c13406","packages/resolution/src/index.ts","typescript",1,38,0,0,9,0,0,0,0,42,0,0
"zod","bf6d99ed76be86e4871d2381ecd9832293c13406","packages/zod/src/v4/classic/checks.ts","typescript",0,33,0,0,0,30,0,0,0,0,0,0
"zod","4c03c20d2bc7e013e8b80ce55380cd4b82bfe352","packages/zod/src/v4/locales/fr.ts","typescript",1,117,3,0,3,1,1.33,2,3,15,1,0
"zod","4c03c20d2bc7e013e8b80ce55380cd4b82bfe352","packages/zod/src/v4/locales/en.ts","typescript",0,124,3,0,3,1,1.33,2,3,17,1,0
"zod","cc9139d209001bfdeb23dfe2d5b0262c02c950cf","packages/zod/src/v4/classic/schemas.ts","typescript",1,2422,93,0,8,262,1.15,4,44,626,2,0
"zod","cc9139d209001bfdeb23dfe2d5b0262c02c950cf","packages/zod/src/v4/mini/schemas.ts","typescript",1,1922,101,1,3,263,1.14,4,19,327,2,0
"zod","cc9139d209001bfdeb23dfe2d5b0262c02c950cf","packages/treeshake/zod3-string.ts","typescript",0,5,0,0,1,0,0,0,0,5,0,0
"zod","cc9139d209001bfdeb23dfe2d5b0262c02c950cf","packages/zod/src/v4/locales/id.ts","typescript",0,116,3,0,3,1,1.33,2,3,15,1,0
"zod","2564caa440e690fd3ad58ce55fdff0fe073d6cc0","packages/zod/src/v4/core/util.ts","typescript",1,973,57,1,4,131,3.14,24,35,148,5,0
"zod","2564caa440e690fd3ad58ce55fdff0fe073d6cc0","packages/zod/src/v4/locales/zh-TW.ts","typescript",0,116,3,0,3,1,1.33,2,3,15,1,0
"zod","2564caa440e690fd3ad58ce55fdff0fe073d6cc0","packages/zod/src/mini/index.ts","typescript",0,4,0,0,1,1,0,0,0,1,0,0
"zod","c7a8ccc0d0fb4f2bd1c938b8d79873a8ebd6573e","packages/zod/src/v4/classic/from-json-schema.ts","typescript",1,649,5,0,6,1,31,107,20,193,7,0
"zod","c7a8ccc0d0fb4f2bd1c938b8d79873a8ebd6573e","packages/tsc/bench/index.ts","typescript",0,26,1,0,1,0,3,3,2,12,0,0
"zod","b6a3b3369a5b9fdde9adde8203b96b71c0634ad5","packages/zod/src/v4/core/schemas.ts","typescript",1,4559,26,0,12,336,4.73,14,59,648,7,0
"zod","b6a3b3369a5b9fdde9adde8203b96b71c0634ad5","packages/zod/src/v4/locales/ja.ts","typescript",0,115,3,0,3,1,1.33,2,3,15,1,0
"zod","a1cf8a9312582591d9cdccdd677ba1d90e706cc0","packages/zod/src/v4/core/to-json-schema.ts","typescript",1,614,10,0,5,15,13.9,32,35,86,14,0
"zod","a1cf8a9312582591d9cdccdd677ba1d90e706cc0","play.ts","typescript",0,9,0,0,1,0,0,0,0,8,0,0
"zod","f457edf1e504787eadfe2dffe51a77c64e3f0e17","packages/zod/src/v4/core/schemas.ts","typescript",1,4559,26,0,12,336,4.73,14,59,648,7,0
"zod","f457edf1e504787eadfe2dffe51a77c64e3f0e17","packages/bench/jit-union.ts","typescript",0,80,0,0,3,0,0,0,0,48,0,0
"zod","e06af5de314f1cad8dfaa0a5f1909e21ffff9e49","packages/zod/src/v4/classic/from-json-schema.ts","typescript",1,644,5,0,6,1,31,109,20,193,7,0
"zod","e06af5de314f1cad8dfaa0a5f1909e21ffff9e49","packages/bench/key-iteration.ts","typescript",0,51,0,0,1,0,0,0,0,8,0,0
"zod","2e5b23dcd41eb257bda434b9997fd60a19cdf38f","packages/zod/src/v4/core/schemas.ts","typescript",1,4557,26,0,12,336,4.73,14,59,647,7,0
"zod","2e5b23dcd41eb257bda434b9997fd60a19cdf38f","packages/zod/src/v3/benchmarks/union.ts","typescript",0,81,0,0,2,1,0,0,0,32,0,0
"zod","518f15ddada3b5d959f4ff32b094789e2d85349a","packages/zod/src/v4/core/errors.ts","typescript",1,455,8,0,5,42,4.63,11,9,49,4,0
"zod","518f15ddada3b5d959f4ff32b094789e2d85349a","packages/zod/src/v4/core/schemas.ts","typescript",1,4557,26,0,12,336,4.73,14,59,645,7,0
"zod","518f15ddada3b5d959f4ff32b094789e2d85349a","packages/zod/src/v4/locales/en.ts","typescript",1,120,3,0,3,1,1.33,2,3,14,1,0
"zod","518f15ddada3b5d959f4ff32b094789e2d85349a","packages/bench/object-async.ts","typescript",0,14,0,0,2,0,0,0,0,6,0,0
"zod","518f15ddada3b5d959f4ff32b094789e2d85349a","packages/zod/src/v4/locales/ca.ts","typescript",0,117,3,0,3,1,1.33,2,3,15,1,0
"zod","9cf868d20cdaf4cf80f6d33a6eaf31582f1cdeba","packages/zod/src/v4/classic/external.ts","typescript",1,52,0,0,2,34,0,0,0,4,0,0
"zod","9cf868d20cdaf4cf80f6d33a6eaf31582f1cdeba","packages/zod/src/v4/mini/external.ts","typescript",1,41,0,0,0,27,0,0,0,0,0,0
"zod","9cf868d20cdaf4cf80f6d33a6eaf31582f1cdeba","packages/bench/index.ts","typescript",0,21,1,0,1,0,2,2,2,10,0,0
"zod","9cf868d20cdaf4cf80f6d33a6eaf31582f1cdeba","packages/zod/src/v4/mini/coerce.ts","typescript",0,28,5,0,2,5,1,1,0,7,0,0
"zod","08b14b51501335a3e0de3cb92c3b2fdeae00a0d6","packages/zod/src/v4/core/errors.ts","typescript",1,452,8,0,5,42,4.63,11,9,49,4,0
"zod","08b14b51501335a3e0de3cb92c3b2fdeae00a0d6","packages/bench/safe.ts","typescript",0,67,3,1,2,0,1,1,2,9,0,0
"zod","f533671752ae7247bc25dca8f2dbfda80fa2fccc","packages/zod/src/v4/core/errors.ts","typescript",1,449,8,0,5,42,4.63,11,9,49,4,0
"zod","f533671752ae7247bc25dca8f2dbfda80fa2fccc","packages/bench/libs.ts","typescript",0,58,0,0,5,0,0,0,0,29,0,0
"zod","d3c0ec8764ede3aa7f7c7d47cb5fa985db15be20","packages/zod/src/v4/core/json-schema-processors.ts","typescript",1,668,41,0,6,43,3.54,18,2,79,6,0
"zod","d3c0ec8764ede3aa7f7c7d47cb5fa985db15be20","packages/zod/src/v4/classic/index.ts","typescript",0,6,0,0,1,2,0,0,0,1,0,0
"zod","bee2dc8d4971a5142d6197a01426837e2a57f69d","packages/zod/src/v4/classic/schemas.ts","typescript",1,2410,92,0,8,261,1.15,4,44,626,2,0
"zod","bee2dc8d4971a5142d6197a01426837e2a57f69d","packages/zod/src/v3/locales/en.ts","typescript",0,125,1,0,2,1,54,54,0,10,3,0
"zod","55747b3cd05cd8b60b4f3d6a6348e2c508069c12","packages/zod/src/v4/core/util.ts","typescript",1,979,57,1,4,131,3.16,24,35,148,5,0
"zod","55747b3cd05cd8b60b4f3d6a6348e2c508069c12","packages/resolution/test-resolution.ts","typescript",0,99,6,0,3,0,2,2,12,39,1,0
"zod","65f1f404f644cfc9b7f790d310500a05b9d30ca4","packages/zod/src/v4/core/schemas.ts","typescript",1,4539,26,0,12,336,4.69,14,59,642,7,0
"zod","65f1f404f644cfc9b7f790d310500a05b9d30ca4","packages/zod/src/v4/core/util.ts","typescript",1,967,56,1,4,130,3.14,24,35,148,5,0
"zod","65f1f404f644cfc9b7f790d310500a05b9d30ca4","packages/treeshake/zod-mini-full.ts","typescript",0,9,0,0,1,1,0,0,0,5,0,0
"zod","65f1f404f644cfc9b7f790d310500a05b9d30ca4","packages/zod/src/v3/benchmarks/realworld.ts","typescript",0,64,3,0,2,1,1,1,6,30,0,0
"zod","ca3c8629c0c2715571f70b44c2433cad3db7fe4e","packages/zod/src/v4/locales/ka.ts","typescript",1,124,3,0,3,1,1.33,2,3,15,1,0
"zod","ca3c8629c0c2715571f70b44c2433cad3db7fe4e","packages/zod/src/v4/locales/yo.ts","typescript",0,125,3,0,3,1,1.33,2,3,11,1,0
"axios","d8a919fd81403d59058c0e9dbefc540407dee83f","lib/adapters/http.js","javascript",1,1468,26,0,33,4,5.04,53,81,370,5,0
"axios","d8a919fd81403d59058c0e9dbefc540407dee83f","lib/core/Axios.js","javascript",1,309,5,1,9,1,8,24,6,71,5,0
"axios","d8a919fd81403d59058c0e9dbefc540407dee83f","lib/core/mergeConfig.js","javascript",1,175,9,0,2,1,4,8,16,53,2,0
"axios","d8a919fd81403d59058c0e9dbefc540407dee83f","lib/defaults/index.js","javascript",1,178,2,0,7,1,4.5,6,10,47,0,0
"axios","d8a919fd81403d59058c0e9dbefc540407dee83f","lib/helpers/Http2Sessions.js","javascript",0,122,3,1,2,1,5.33,8,2,18,1,0
"axios","d8a919fd81403d59058c0e9dbefc540407dee83f","sandbox/server.js","javascript",0,131,3,0,3,0,3,6,4,29,0,0
"axios","2d2a21af8a433089474a2149781799c93acbcf3c","lib/adapters/xhr.js","javascript",1,253,2,0,12,1,8,11,9,63,2,0
"axios","2d2a21af8a433089474a2149781799c93acbcf3c","lib/helpers/progressEventReducer.js","javascript",1,55,3,0,3,3,1,1,17,14,1,0
"axios","2d2a21af8a433089474a2149781799c93acbcf3c","lib/helpers/throttle.js","javascript",1,45,4,0,0,1,2,3,4,8,0,0
"axios","2d2a21af8a433089474a2149781799c93acbcf3c","lib/platform/node/index.js","javascript",0,38,1,0,3,1,2,2,1,5,0,0
"axios","2d2a21af8a433089474a2149781799c93acbcf3c","lib/helpers/HttpStatusCode.js","javascript",0,89,0,0,0,1,0,0,1,2,0,0
"axios","d19040bda7a8be2f82c3c6e1a5bc03917daee39a","lib/core/InterceptorManager.js","javascript",1,156,7,1,1,1,2.71,4,8,20,0,0
"axios","d19040bda7a8be2f82c3c6e1a5bc03917daee39a","lib/core/buildFullPath.js","javascript",0,77,4,0,4,1,3,4,7,19,0,0
"axios","e0a02dd16671deabe2b809334d4c2ebede29a233","lib/adapters/fetch.js","javascript",1,644,12,0,12,2,3.92,14,20,125,4,0
"axios","e0a02dd16671deabe2b809334d4c2ebede29a233","lib/adapters/http.js","javascript",1,1408,25,0,33,4,5,49,79,362,5,0
"axios","e0a02dd16671deabe2b809334d4c2ebede29a233","lib/core/Axios.js","javascript",1,302,5,1,9,1,8,24,6,69,5,0
"axios","e0a02dd16671deabe2b809334d4c2ebede29a233","lib/core/dispatchRequest.js","javascript",1,90,2,0,6,1,3.5,4,4,23,1,0
"axios","e0a02dd16671deabe2b809334d4c2ebede29a233","lib/helpers/Http2Sessions.js","javascript",1,120,3,1,2,1,5.33,8,2,16,1,0
"axios","e0a02dd16671deabe2b809334d4c2ebede29a233","lib/helpers/fromDataURI.js","javascript",1,69,1,0,3,1,15,15,1,9,1,0
"axios","e0a02dd16671deabe2b809334d4c2ebede29a233","lib/helpers/resolveConfig.js","javascript",1,106,3,0,10,1,7.33,19,15,48,3,0
"axios","e0a02dd16671deabe2b809334d4c2ebede29a233","lib/helpers/shouldBypassProxy.js","javascript",1,330,11,0,0,1,7.18,17,13,97,4,0
"axios","e0a02dd16671deabe2b809334d4c2ebede29a233","lib/helpers/toFormData.js","javascript",1,287,10,0,4,2,5.3,14,20,75,5,0
"axios","e0a02dd16671deabe2b809334d4c2ebede29a233","lib/utils.js","javascript",1,1030,42,0,1,1,3.9,14,74,155,4,0
"axios","e0a02dd16671deabe2b809334d4c2ebede29a233","lib/adapters/adapters.js","javascript",0,133,3,0,5,1,5.33,12,4,20,2,0
"axios","e0a02dd16671deabe2b809334d4c2ebede29a233","lib/helpers/normalizeURLForProtocolCheck.js","javascript",0,25,1,0,0,1,4,4,2,3,0,0
"axios","39955a6ebed53217a524a3c8c7e5568fc0faa4bd","lib/adapters/http.js","javascript",1,1407,24,0,33,4,5.08,49,79,362,5,0
"axios","39955a6ebed53217a524a3c8c7e5568fc0faa4bd","gulpfile.js","javascript",0,80,1,0,4,4,1,1,2,38,0,0
"axios","529ce70296334a0397f9e45e7dfa5658f6b6fdba","lib/adapters/xhr.js","javascript",1,229,2,0,11,1,5.5,6,8,56,0,0
"axios","529ce70296334a0397f9e45e7dfa5658f6b6fdba","lib/core/buildFullPath.js","javascript",1,89,6,0,3,1,2.67,4,9,22,0,0
"axios","529ce70296334a0397f9e45e7dfa5658f6b6fdba","lib/axios.js","javascript",0,90,1,0,17,1,1,1,3,26,0,0
"axios","529ce70296334a0397f9e45e7dfa5658f6b6fdba","index.d.ts","typescript",0,784,0,4,0,63,0,0,2,2,1,0
"axios","712e02373f1c5ac72fdf5da16f04838338ba817e","lib/core/Axios.js","javascript",1,302,5,1,9,1,7.6,24,6,69,4,0
"axios","712e02373f1c5ac72fdf5da16f04838338ba817e","lib/helpers/ZlibHeaderTransformStream.js","javascript",0,30,2,1,1,1,2,3,2,6,0,0
"axios","609dacd8cce089adc7720e11cd62405adf3b6867","lib/core/InterceptorManager.js","javascript",1,73,5,1,1,1,1.8,3,1,4,0,0
"axios","609dacd8cce089adc7720e11cd62405adf3b6867","lib/core/AxiosHeaders.js","javascript",0,475,32,1,3,1,3.56,13,43,123,6,0
"axios","a092bae50d1884782151b2fcea12974d6da6e376","sandbox/server.js","javascript",1,131,3,0,3,0,3,6,4,29,0,0
"axios","a092bae50d1884782151b2fcea12974d6da6e376","lib/env/data.js","javascript",0,1,0,0,0,1,0,0,4,0,0,0
"axios","3041b8fd1daf17404d1bad1f9d94026ea5ab400b","lib/core/Axios.js","javascript",1,284,5,1,9,1,6.6,19,6,63,3,0
"axios","3041b8fd1daf17404d1bad1f9d94026ea5ab400b","lib/adapters/http.js","javascript",0,1407,24,0,33,4,5.08,49,79,362,5,0
"axios","1de8d518e62e068fffae9a9b54ccba779e2773e8","lib/adapters/http.js","javascript",1,1420,25,0,32,4,4.96,49,80,367,5,0
"axios","1de8d518e62e068fffae9a9b54ccba779e2773e8","lib/helpers/estimateDataURLDecodedBytes.js","javascript",1,106,4,0,0,1,11,30,9,26,3,0
"axios","1de8d518e62e068fffae9a9b54ccba779e2773e8","lib/platform/browser/classes/Blob.js","javascript",0,4,0,0,0,1,0,0,1,0,0,0
"axios","1de8d518e62e068fffae9a9b54ccba779e2773e8","lib/helpers/readBlob.js","javascript",0,16,1,0,0,1,4,4,2,3,0,0
"axios","ff60b43277c32a5b2f7589c917db16d8e043c0d4","lib/core/AxiosError.js","javascript",1,189,6,1,2,2,5.5,12,20,36,2,0
"axios","ff60b43277c32a5b2f7589c917db16d8e043c0d4","lib/helpers/isAbsoluteURL.js","javascript",0,20,1,0,0,1,2,2,1,1,0,0
"axios","3ebc76240c835a07fc6af23cb10d41579371a08f","lib/helpers/shouldBypassProxy.js","javascript",1,326,11,0,0,1,7.18,17,13,97,4,0
"axios","3ebc76240c835a07fc6af23cb10d41579371a08f","lib/helpers/isAxiosError.js","javascript",0,15,1,0,1,1,2,2,1,2,0,0
"axios","a85da2918eb540928b54bb3d57692efc8f2f83f1","lib/utils.js","javascript",1,1018,42,0,1,1,3.83,14,72,150,4,0
"axios","a85da2918eb540928b54bb3d57692efc8f2f83f1","lib/helpers/composeSignals.js","javascript",0,69,3,0,3,1,4.33,5,3,16,1,0
"axios","3d253b4f17a5107e6f274ee5b2e96e03508dceb2","lib/adapters/http.js","javascript",1,1418,25,0,32,4,4.96,49,80,366,5,0
"axios","3d253b4f17a5107e6f274ee5b2e96e03508dceb2","lib/helpers/progressEventReducer.js","javascript",1,55,3,0,3,3,1,1,17,14,1,0
"axios","3d253b4f17a5107e6f274ee5b2e96e03508dceb2","lib/helpers/AxiosURLSearchParams.js","javascript",0,60,2,0,1,1,1.5,2,2,10,0,0
"axios","3d253b4f17a5107e6f274ee5b2e96e03508dceb2","lib/core/AxiosHeaders.js","javascript",0,353,27,1,3,1,3,13,36,101,4,0
"axios","02c2c4f891d76b15712a9edd149a2d9f7978774f","lib/helpers/progressEventReducer.js","javascript",1,55,3,0,3,3,1,1,17,13,1,0
"axios","02c2c4f891d76b15712a9edd149a2d9f7978774f","sandbox/server.js","javascript",0,131,3,0,3,0,3,6,4,29,0,0
"axios","bdba132964d91d2e74341cf0af0a54e4d2346870","lib/helpers/combineURLs.js","javascript",1,16,1,0,0,1,2,2,1,2,0,0
"axios","bdba132964d91d2e74341cf0af0a54e4d2346870","lib/helpers/AxiosTransformStream.js","javascript",0,157,5,1,2,1,4,12,5,27,2,0
"axios","78b5187ee7b6b97e416caf4e116fe7c8d3c2c2ca","lib/core/AxiosHeaders.js","javascript",1,352,27,1,3,1,2.93,13,36,100,4,0
"axios","78b5187ee7b6b97e416caf4e116fe7c8d3c2c2ca","lib/core/mergeConfig.js","javascript",0,160,8,0,2,1,4.13,8,15,47,2,0
"axios","4106dda9abe43bd3a1471b24dd5d0627470570fc","lib/helpers/parseHeaders.js","javascript",1,70,0,0,1,1,0,0,1,11,0,0
"axios","4106dda9abe43bd3a1471b24dd5d0627470570fc","lib/helpers/formDataToStream.js","javascript",0,120,4,1,5,1,4,7,3,31,0,0
"axios","9e5c894ef7a07666b38973cd3031bc51e9924c6a","lib/helpers/composeSignals.js","javascript",1,58,3,0,3,1,4.33,5,3,15,1,0
"axios","9e5c894ef7a07666b38973cd3031bc51e9924c6a","lib/cancel/isCancel.js","javascript",0,6,1,0,0,1,2,2,2,0,0,0
"axios","d45e737718876f3c7a1ad9384693622eb68a739a","lib/helpers/shouldBypassProxy.js","javascript",1,211,9,0,0,1,5.67,9,11,68,2,0
"axios","d45e737718876f3c7a1ad9384693622eb68a739a","lib/core/buildFullPath.js","javascript",0,89,6,0,3,1,2.67,4,9,22,0,0
"axios","3243566a188507e69692d94a36d6fca4a64c6765","lib/core/AxiosError.js","javascript",1,189,6,1,2,1,5.5,12,20,36,2,0
"axios","3243566a188507e69692d94a36d6fca4a64c6765","lib/core/buildFullPath.js","javascript",1,51,4,0,3,1,2.75,4,7,13,0,0
"axios","3243566a188507e69692d94a36d6fca4a64c6765","lib/core/settle.js","javascript",0,28,1,0,1,1,6,6,3,4,0,0
"axios","3243566a188507e69692d94a36d6fca4a64c6765","lib/cancel/CanceledError.js","javascript",0,23,1,1,1,1,2,2,6,2,0,0
"axios","44de1e484dcd65809d13c54d3220fe3de9113d4f","lib/helpers/toFormData.js","javascript",1,286,10,0,3,2,5.2,14,20,73,5,0
"axios","44de1e484dcd65809d13c54d3220fe3de9113d4f","lib/helpers/resolveConfig.js","javascript",0,120,4,0,9,1,6.25,19,16,53,3,0
"axios","debf320ec8387b23edf846de33192b5cc7a257ef","lib/helpers/formDataToJSON.js","javascript",1,120,5,0,3,1,4.4,11,8,23,1,0
"axios","debf320ec8387b23edf846de33192b5cc7a257ef","lib/core/Axios.js","javascript",0,284,5,1,9,1,6.6,19,6,63,3,0
"axios","cf1306a42d97960b635c894c83658f2692e53585","lib/helpers/AxiosURLSearchParams.js","javascript",1,62,2,0,1,1,1.5,2,2,10,0,0
"axios","cf1306a42d97960b635c894c83658f2692e53585","lib/helpers/progressEventReducer.js","javascript",0,55,3,0,3,3,1,1,17,13,1,0
"axios","1792eda11aff8fe0f8c8a6e5ae6ff305740a6460","lib/adapters/http.js","javascript",1,1413,25,0,32,4,4.96,49,79,365,5,0
"axios","1792eda11aff8fe0f8c8a6e5ae6ff305740a6460","lib/helpers/callbackify.js","javascript",0,19,1,0,1,1,2,2,1,9,0,0
"axios","30499d6af0961ec38619792013a534d1933b08a9","lib/adapters/http.js","javascript",1,1411,25,0,32,4,4.96,49,79,365,5,0
"axios","30499d6af0961ec38619792013a534d1933b08a9","lib/helpers/throttle.js","javascript",0,45,4,0,0,1,2,3,4,8,0,0
"axios","e64bcf9c5af231d6f37d8389b1e57ded314fff86","lib/adapters/http.js","javascript",1,1357,22,0,32,3,4.91,48,77,354,5,0
"axios","e64bcf9c5af231d6f37d8389b1e57ded314fff86","lib/core/mergeConfig.js","javascript",0,159,8,0,2,1,4,8,15,47,2,0
"axios","97fb8af785bcdbbc03110429354c365754a072e7","lib/adapters/http.js","javascript",1,1350,22,0,32,3,4.91,48,77,354,5,0
"axios","97fb8af785bcdbbc03110429354c365754a072e7","lib/helpers/sanitizeHeaderValue.js","javascript",0,61,5,0,1,3,2.8,9,13,16,1,0
"axios","885b3e8507b900e69a810686647d0616193edfa9","lib/adapters/http.js","javascript",1,1346,22,0,32,3,4.91,48,77,354,5,0
"axios","885b3e8507b900e69a810686647d0616193edfa9","lib/helpers/composeSignals.js","javascript",0,58,3,0,3,1,4.33,5,3,15,1,0
"axios","e24659d33a600f8e5e610d4074e46b1319e28440","lib/adapters/fetch.js","javascript",1,629,12,0,12,2,3.92,14,20,124,4,0
"axios","e24659d33a600f8e5e610d4074e46b1319e28440","lib/core/AxiosError.js","javascript",1,177,6,1,2,1,5.5,12,19,35,2,0
"axios","e24659d33a600f8e5e610d4074e46b1319e28440","index.d.ts","typescript",0,740,0,4,0,62,0,0,2,2,1,0
"axios","e24659d33a600f8e5e610d4074e46b1319e28440","lib/defaults/index.js","javascript",0,178,2,0,7,1,4.5,6,10,47,0,0
"axios","614f4552a17de757d4171ad7c3bd38c9c1025fd8","index.d.ts","typescript",1,739,0,4,0,62,0,0,2,2,1,0
"axios","614f4552a17de757d4171ad7c3bd38c9c1025fd8","lib/core/Axios.js","javascript",1,283,5,1,9,1,6.6,19,6,61,3,0
"axios","614f4552a17de757d4171ad7c3bd38c9c1025fd8","lib/core/mergeConfig.js","javascript",1,125,7,0,2,1,2.86,5,13,35,2,0
"axios","614f4552a17de757d4171ad7c3bd38c9c1025fd8","lib/defaults/transitional.js","javascript",1,10,0,0,0,1,0,0,4,0,0,0
"axios","614f4552a17de757d4171ad7c3bd38c9c1025fd8","lib/helpers/parseHeaders.js","javascript",0,70,0,0,1,1,0,0,1,11,0,0
"axios","614f4552a17de757d4171ad7c3bd38c9c1025fd8","lib/platform/node/classes/URLSearchParams.js","javascript",0,5,0,0,1,1,0,0,1,1,0,0
"axios","550f0d80a8c0aebaf1ec3a862a9a75287c13f8a3","index.d.ts","typescript",1,738,0,4,0,62,0,0,2,2,1,0
"axios","550f0d80a8c0aebaf1ec3a862a9a75287c13f8a3","lib/adapters/http.js","javascript",1,1257,20,0,32,2,5.15,48,54,317,5,0
"axios","550f0d80a8c0aebaf1ec3a862a9a75287c13f8a3","lib/core/AxiosError.js","javascript",0,177,6,1,2,1,5.5,12,17,35,2,0
"axios","550f0d80a8c0aebaf1ec3a862a9a75287c13f8a3","scripts/axios-build-instance.js","javascript",0,29,0,0,1,1,0,0,1,7,0,0
"axios","32e2515f1e09b649723e4acd89d920df13eee77e","lib/adapters/fetch.js","javascript",1,474,6,0,12,2,6,14,11,95,3,0
"axios","32e2515f1e09b649723e4acd89d920df13eee77e","lib/adapters/http.js","javascript",1,1257,20,0,32,2,5.15,48,54,317,5,0
"axios","32e2515f1e09b649723e4acd89d920df13eee77e","lib/helpers/toFormData.js","javascript",0,250,8,0,3,1,6,14,16,66,4,0
"axios","32e2515f1e09b649723e4acd89d920df13eee77e","lib/core/Axios.js","javascript",0,283,5,1,9,1,6.6,19,6,61,3,0
"axios","030e7223831b0f562af3eb7501b24242c8a4c5ba","scripts/axios-build-instance.js","javascript",1,25,0,0,1,1,0,0,1,7,0,0
"axios","030e7223831b0f562af3eb7501b24242c8a4c5ba","lib/helpers/combineURLs.js","javascript",0,16,1,0,0,1,2,2,1,2,0,0
"axios","a2390a5c059342bcac2a5297728181dd9939f562","lib/adapters/http.js","javascript",1,1249,20,0,32,2,5.05,48,54,316,5,0
"axios","a2390a5c059342bcac2a5297728181dd9939f562","lib/env/data.js","javascript",0,1,0,0,0,1,0,0,4,0,0,0
"axios","fcca2dd85503a236c4ce13749a9a81b6ffc1f2f6","index.d.ts","typescript",1,736,0,4,0,62,0,0,2,2,1,0
"axios","fcca2dd85503a236c4ce13749a9a81b6ffc1f2f6","lib/helpers/spread.js","javascript",0,29,1,0,0,1,1,1,1,1,0,0
"axios","58d8a125bf8339b9079caf9359c82ac136da95b0","lib/adapters/http.js","javascript",1,1249,20,0,32,2,5.05,48,54,317,5,0
"axios","58d8a125bf8339b9079caf9359c82ac136da95b0","lib/core/AxiosHeaders.js","javascript",1,349,27,1,3,1,2.93,13,36,99,4,0
"axios","58d8a125bf8339b9079caf9359c82ac136da95b0","lib/helpers/buildURL.js","javascript",1,67,2,0,2,2,6,11,3,15,1,0
"axios","58d8a125bf8339b9079caf9359c82ac136da95b0","lib/helpers/formDataToStream.js","javascript",1,120,4,1,5,1,4,7,3,33,0,0
"axios","58d8a125bf8339b9079caf9359c82ac136da95b0","lib/helpers/resolveConfig.js","javascript",1,113,4,0,8,1,5.5,17,14,47,3,0
"axios","58d8a125bf8339b9079caf9359c82ac136da95b0","lib/helpers/toFormData.js","javascript",1,250,8,0,3,1,6,14,16,67,4,0
"axios","58d8a125bf8339b9079caf9359c82ac136da95b0","lib/helpers/estimateDataURLDecodedBytes.js","javascript",0,101,2,0,0,1,22.5,40,4,20,3,0
"axios","58d8a125bf8339b9079caf9359c82ac136da95b0","lib/defaults/transitional.js","javascript",0,10,0,0,0,1,0,0,4,0,0,0
"axios","5aa9da03dc01d1110b19c71e44474cc788b7046e","lib/adapters/http.js","javascript",1,1229,20,0,32,2,5,48,54,316,5,0
"axios","5aa9da03dc01d1110b19c71e44474cc788b7046e","lib/helpers/HttpStatusCode.js","javascript",0,78,0,0,0,1,0,0,1,2,0,0
"axios","7b3369a9c4b8666a9bb4e34c9c49712ce542ce01","lib/adapters/http.js","javascript",1,1227,20,0,32,2,5,48,52,314,5,0
"axios","7b3369a9c4b8666a9bb4e34c9c49712ce542ce01","lib/helpers/parseProtocol.js","javascript",0,7,1,0,0,1,3,3,2,1,0,0
"axios","b0771a3c3e6f2bcefd4168f64cf24e454a7fb77a","lib/helpers/resolveConfig.js","javascript",1,109,4,0,8,1,5.25,16,14,46,3,0
"axios","b0771a3c3e6f2bcefd4168f64cf24e454a7fb77a","lib/platform/node/classes/FormData.js","javascript",0,4,0,0,1,1,0,0,2,1,0,0
"axios","67e10e7976b19979234c0665ee921ff38ec8951d","lib/helpers/resolveConfig.js","javascript",1,107,3,0,8,1,1.67,2,14,46,1,0
"axios","67e10e7976b19979234c0665ee921ff38ec8951d","lib/helpers/trackStream.js","javascript",0,90,5,0,0,3,3.4,4,9,16,0,0
"axios","f70731bbdcc08672f4cd3f085198a930f4722c88","lib/core/AxiosHeaders.js","javascript",1,349,27,1,3,1,2.93,13,36,99,4,0
"axios","f70731bbdcc08672f4cd3f085198a930f4722c88","lib/platform/browser/classes/FormData.js","javascript",0,4,0,0,0,1,0,0,1,0,0,0
"axios","315ec44489cafeec509409fb6b0c0a6a88d56dc8","lib/utils.js","javascript",1,933,39,0,1,1,3.69,13,64,136,4,0
"axios","315ec44489cafeec509409fb6b0c0a6a88d56dc8","lib/helpers/null.js","javascript",0,3,0,0,0,1,0,0,0,0,0,0
"axios","40948863677bb793bfff0293cce7e7b4f8a1b212","index.d.ts","typescript",1,735,0,4,0,62,0,0,2,2,1,0
"axios","40948863677bb793bfff0293cce7e7b4f8a1b212","lib/core/Axios.js","javascript",1,282,5,1,9,1,6.6,19,6,60,3,0
"axios","40948863677bb793bfff0293cce7e7b4f8a1b212","lib/helpers/toURLEncodedForm.js","javascript",0,20,1,0,3,1,1,1,1,8,0,0
"axios","40948863677bb793bfff0293cce7e7b4f8a1b212","index.js","javascript",0,46,0,0,1,18,0,0,2,1,0,0
"axios","44f0c5bf73c45df6009365141faa394d73596bd7","lib/helpers/progressEventReducer.js","javascript",1,52,3,0,3,3,1,1,17,13,1,0
"axios","44f0c5bf73c45df6009365141faa394d73596bd7","lib/platform/browser/classes/URLSearchParams.js","javascript",0,5,0,0,1,1,0,0,1,1,0,0
"axios","c4453bab70f53575175903aee60810c821f72129","lib/adapters/fetch.js","javascript",1,471,6,0,12,2,5.83,13,11,95,3,0
"axios","c4453bab70f53575175903aee60810c821f72129","lib/platform/index.js","javascript",0,8,0,0,2,1,0,0,10,2,0,0
"axios","e4826755c5d8ed5e41e567b878ca739fd93e519f","lib/adapters/http.js","javascript",1,1204,22,1,30,2,4.14,31,47,304,6,0
"axios","e4826755c5d8ed5e41e567b878ca739fd93e519f","lib/helpers/cookies.js","javascript",0,61,0,0,2,1,0,0,1,22,0,0
"axios","ac5c335b3b4bf00c024d8b6ede37fcbd7ebb7051","lib/adapters/fetch.js","javascript",1,470,6,0,11,2,5.83,13,11,94,3,0
"axios","ac5c335b3b4bf00c024d8b6ede37fcbd7ebb7051","lib/adapters/http.js","javascript",1,1203,22,1,29,2,4.14,31,47,303,6,0
"axios","ac5c335b3b4bf00c024d8b6ede37fcbd7ebb7051","lib/adapters/xhr.js","javascript",1,227,2,0,10,1,5.5,6,7,54,0,0
"axios","ac5c335b3b4bf00c024d8b6ede37fcbd7ebb7051","lib/core/AxiosHeaders.js","javascript",1,381,29,1,2,1,3.07,13,38,103,4,0
"axios","ac5c335b3b4bf00c024d8b6ede37fcbd7ebb7051","lib/core/InterceptorManager.js","javascript",0,73,5,1,1,1,1.8,3,1,4,0,0
"axios","ac5c335b3b4bf00c024d8b6ede37fcbd7ebb7051","sandbox/client.js","javascript",0,21,2,0,1,0,1,1,0,9,0,0
"axios","23fd0a6a16a4879bc2601c867db0caa2ce178824","index.d.ts","typescript",1,735,0,4,0,62,0,0,2,2,1,0
"axios","23fd0a6a16a4879bc2601c867db0caa2ce178824","lib/helpers/bind.js","javascript",0,15,1,0,0,1,1,1,2,1,0,0
"axios","78e8dcf8754ed9d1219628540d69d09bdba5a9be","lib/helpers/fromDataURI.js","javascript",1,54,1,0,3,1,11,11,1,8,1,0
"axios","78e8dcf8754ed9d1219628540d69d09bdba5a9be","lib/platform/common/utils.js","javascript",0,53,0,0,0,5,0,0,1,1,0,0
"axios","9e6cc4725f074734723909beb3ef9a68644aa905","lib/helpers/formDataToJSON.js","javascript",1,98,4,0,1,1,4.25,11,6,18,1,0
"axios","9e6cc4725f074734723909beb3ef9a68644aa905","lib/cancel/CancelToken.js","javascript",0,136,7,1,1,1,1.86,3,3,15,1,0
"axios","e57349992f230b6b13e80613eb84302560aa5ba8","lib/core/settle.js","javascript",1,32,1,0,1,1,4,4,3,5,0,0
"axios","e57349992f230b6b13e80613eb84302560aa5ba8","lib/helpers/cookies.js","javascript",0,49,0,0,2,1,0,0,1,18,0,0
"axios","ad68e1a484b50086af427f767bbd7d6e3aab7ac3","lib/adapters/fetch.js","javascript",1,471,6,0,11,2,5.67,12,11,94,3,0
"axios","ad68e1a484b50086af427f767bbd7d6e3aab7ac3","lib/helpers/AxiosURLSearchParams.js","javascript",0,62,2,0,1,1,1.5,2,2,10,0,0
"axios","2a51828213128691d2e37502b5eb2cf4965a737d","lib/adapters/http.js","javascript",1,1137,17,1,29,2,4.24,26,34,278,6,0
"axios","2a51828213128691d2e37502b5eb2cf4965a737d","lib/helpers/resolveConfig.js","javascript",0,98,2,0,8,1,1.5,2,12,43,1,0
"axios","0e8b6bbb542131bae9940618d84d5286255d4db1","lib/adapters/http.js","javascript",1,1121,16,1,29,2,4.31,26,32,274,6,0
"axios","0e8b6bbb542131bae9940618d84d5286255d4db1","lib/core/dispatchRequest.js","javascript",0,90,2,0,6,1,3.5,4,4,23,1,0
"axios","79f39e1d041dca87173226d0255f90eaf252564b","lib/adapters/http.js","javascript",1,1110,16,1,29,2,4.13,23,32,273,6,0
"axios","79f39e1d041dca87173226d0255f90eaf252564b","lib/helpers/isURLSameOrigin.js","javascript",0,17,0,0,1,1,0,0,1,2,0,0
"axios","cd0d44825fe1db7ab597bb139206d780ae94a8ce","lib/helpers/resolveConfig.js","javascript",1,91,1,0,8,1,2,2,11,40,1,0
"axios","cd0d44825fe1db7ab597bb139206d780ae94a8ce","lib/utils.js","javascript",1,920,39,0,1,1,3.67,12,63,133,4,0
"axios","cd0d44825fe1db7ab597bb139206d780ae94a8ce","lib/env/classes/FormData.js","javascript",0,3,0,0,1,1,0,0,0,1,0,0
"axios","cd0d44825fe1db7ab597bb139206d780ae94a8ce","lib/helpers/progressEventReducer.js","javascript",0,52,3,0,3,3,1,1,17,13,1,0
"axios","f39203dcbee0632eff0c77cdfe350b08a241f838","lib/adapters/http.js","javascript",1,1109,16,1,29,2,4.13,23,32,273,6,0
"axios","f39203dcbee0632eff0c77cdfe350b08a241f838","lib/helpers/toFormData.js","javascript",0,250,8,0,3,1,6,14,16,67,4,0
"axios","d9b941c3027f815e1ec9727c739699d4776b323f","lib/adapters/fetch.js","javascript",1,460,6,0,11,2,5.67,12,11,94,3,0
"axios","d9b941c3027f815e1ec9727c739699d4776b323f","lib/utils.js","javascript",0,920,39,0,1,1,3.67,12,63,133,4,0
"axios","25387ae1cedb93b385029e759cac9a22b71ec498","index.d.ts","typescript",1,749,0,4,0,61,0,0,2,2,1,0
"axios","25387ae1cedb93b385029e759cac9a22b71ec498","index.js","javascript",1,44,0,0,1,17,0,0,3,1,0,0
"axios","25387ae1cedb93b385029e759cac9a22b71ec498","lib/helpers/formDataToJSON.js","javascript",0,98,4,0,1,1,4.25,11,6,18,1,0
"axios","25387ae1cedb93b385029e759cac9a22b71ec498","vitest.config.js","javascript",0,47,0,0,2,1,0,0,0,5,0,0
"axios","80324886b1f528a9ec25b0e13e2eba4f75fa817a","index.d.ts","typescript",1,719,0,4,0,61,0,0,2,2,1,0
"axios","80324886b1f528a9ec25b0e13e2eba4f75fa817a","lib/adapters/http.js","javascript",1,1109,16,1,29,2,4.13,23,32,273,6,0
"axios","80324886b1f528a9ec25b0e13e2eba4f75fa817a","scripts/axios-build-instance.js","javascript",0,25,0,0,1,1,0,0,1,7,0,0
"axios","80324886b1f528a9ec25b0e13e2eba4f75fa817a","lib/adapters/adapters.js","javascript",0,131,3,0,5,1,5.33,12,4,20,2,0
"axios","a88f748cc957eeb45a982236190d89cf07a8a230","index.d.ts","typescript",1,719,0,4,0,60,0,0,2,2,1,0
"axios","a88f748cc957eeb45a982236190d89cf07a8a230","lib/helpers/shouldBypassProxy.js","javascript",0,154,6,0,0,1,5.83,8,9,50,1,0
"axios","694f1eca8cc3869e88b6434466f432b358962a42","lib/adapters/fetch.js","javascript",1,456,6,0,10,2,5.67,12,11,92,3,0
"axios","694f1eca8cc3869e88b6434466f432b358962a42","lib/defaults/transitional.js","javascript",0,9,0,0,0,1,0,0,4,0,0,0
"axios","bd3816bf9eaff677c3e278df9b03bcd302e9177b","index.d.ts","typescript",1,719,0,4,0,60,0,0,2,2,1,0
"axios","bd3816bf9eaff677c3e278df9b03bcd302e9177b","lib/core/settle.js","javascript",0,32,1,0,1,1,4,4,3,5,0,0
"axios","f2dc4495472071d3ed9a5637f35660226c8e44c6","lib/core/dispatchRequest.js","javascript",1,78,2,0,6,1,3.5,4,4,23,0,0
"axios","f2dc4495472071d3ed9a5637f35660226c8e44c6","scripts/update-readme-sponsors.mjs","javascript",0,73,4,0,2,0,2.25,3,5,24,0,0
"axios","a501f100a774f8b382b0844fb7cdd168b90c4a31","lib/helpers/parseProtocol.js","javascript",1,7,1,0,0,1,3,3,2,1,0,0
"axios","a501f100a774f8b382b0844fb7cdd168b90c4a31","lib/core/dispatchRequest.js","javascript",0,78,2,0,6,1,3.5,4,4,23,0,0
"axios","cc9aa2f487d460dd61e7d1f1941cdafac1131ad2","lib/adapters/xhr.js","javascript",1,223,2,0,10,1,5.5,6,3,50,0,0
"axios","cc9aa2f487d460dd61e7d1f1941cdafac1131ad2","lib/core/AxiosError.js","javascript",0,92,3,1,1,1,3.67,5,12,5,1,0
"axios","afca61a070728e717203c2bc21e7b589b59b858b","lib/adapters/http.js","javascript",1,1095,16,1,29,2,4.13,23,32,271,6,0
"axios","afca61a070728e717203c2bc21e7b589b59b858b","lib/adapters/fetch.js","javascript",0,456,6,0,10,2,5.67,12,11,92,3,0
"axios","d8165e9f2c4a73176a372d5d84f43c5fd166026b","lib/adapters/http.js","javascript",1,1084,16,1,29,2,3.88,19,32,269,5,0
"axios","d8165e9f2c4a73176a372d5d84f43c5fd166026b","lib/helpers/validator.js","javascript",0,113,2,0,2,1,5,8,3,11,0,0
"axios","e5540dcafe423909527c0af097fb6ae7f68c08f3","lib/adapters/fetch.js","javascript",1,455,6,0,10,2,5.67,12,11,92,3,0
"axios","e5540dcafe423909527c0af097fb6ae7f68c08f3","lib/helpers/estimateDataURLDecodedBytes.js","javascript",1,85,2,0,0,1,19,33,4,19,2,0
"axios","e5540dcafe423909527c0af097fb6ae7f68c08f3","lib/helpers/fromDataURI.js","javascript",0,54,1,0,3,1,11,11,1,8,1,0
"axios","e5540dcafe423909527c0af097fb6ae7f68c08f3","lib/core/transformData.js","javascript",0,29,1,0,3,1,3,3,1,8,0,0
"axios","fba7fcc44ee808af5cef423d07b0d81cbfce1502","lib/adapters/fetch.js","javascript",1,354,5,0,9,2,6,12,10,81,2,0
"axios","fba7fcc44ee808af5cef423d07b0d81cbfce1502","lib/helpers/estimateDataURLDecodedBytes.js","javascript",1,74,2,0,0,1,17.5,30,3,18,2,0
"axios","fba7fcc44ee808af5cef423d07b0d81cbfce1502","lib/helpers/buildURL.js","javascript",0,67,2,0,2,1,6,11,3,15,1,0
"axios","fba7fcc44ee808af5cef423d07b0d81cbfce1502","lib/defaults/index.js","javascript",0,178,2,0,7,1,4.5,6,10,47,0,0
"axios","be3336014e01f9a4fc1f8aef15303cf7daaf58db","lib/adapters/http.js","javascript",1,1071,18,1,29,2,3.61,19,33,269,5,0
"axios","be3336014e01f9a4fc1f8aef15303cf7daaf58db","lib/adapters/xhr.js","javascript",0,223,2,0,10,1,5.5,6,3,50,0,0
"axios","6feafcff6c2dbafe206161c5d09e38e1d36af66f","lib/adapters/http.js","javascript",1,1065,18,1,29,2,3.61,19,30,262,5,0
"axios","6feafcff6c2dbafe206161c5d09e38e1d36af66f","lib/core/mergeConfig.js","javascript",1,111,7,0,2,1,2.86,5,13,33,2,0
"axios","6feafcff6c2dbafe206161c5d09e38e1d36af66f","lib/helpers/resolveConfig.js","javascript",1,79,0,0,8,1,0,0,2,30,0,0
"axios","6feafcff6c2dbafe206161c5d09e38e1d36af66f","lib/helpers/validator.js","javascript",1,111,2,0,2,1,4.5,7,3,10,0,0
"axios","6feafcff6c2dbafe206161c5d09e38e1d36af66f","lib/helpers/parseProtocol.js","javascript",0,7,1,0,0,1,3,3,2,1,0,0
"axios","6feafcff6c2dbafe206161c5d09e38e1d36af66f","lib/adapters/fetch.js","javascript",0,354,5,0,9,2,6,12,10,81,2,0
"axios","302e2739c602f00e323d4f3f5c79500647633a73","index.d.ts","typescript",1,717,0,4,0,60,0,0,2,2,1,0
"axios","302e2739c602f00e323d4f3f5c79500647633a73","lib/adapters/http.js","javascript",1,1037,18,1,28,2,3.61,19,30,255,5,0
"axios","302e2739c602f00e323d4f3f5c79500647633a73","lib/core/mergeConfig.js","javascript",1,110,7,0,2,1,2.86,5,13,33,2,0
"axios","302e2739c602f00e323d4f3f5c79500647633a73","lib/helpers/formDataToStream.js","javascript",0,120,4,1,5,1,4,7,3,33,0,0
"axios","302e2739c602f00e323d4f3f5c79500647633a73","lib/utils.js","javascript",0,920,39,0,1,1,3.67,12,63,133,4,0
"axios","42eb721eebc95cfded8d6c70cf62f3fbe83f3246","lib/helpers/resolveConfig.js","javascript",1,71,0,0,8,1,0,0,2,30,0,0
"axios","42eb721eebc95cfded8d6c70cf62f3fbe83f3246","lib/helpers/speedometer.js","javascript",0,56,1,0,0,1,3,3,1,2,0,0
"axios","75873270a59bd5d895322eee145738e95fb89258","lib/core/mergeConfig.js","javascript",1,110,7,0,2,1,2.86,5,13,31,2,0
"axios","75873270a59bd5d895322eee145738e95fb89258","lib/helpers/deprecatedMethod.js","javascript",0,32,1,0,0,1,4,4,0,2,0,0
"axios","f0b98673b32677643a3b608431270d36e997473c","lib/helpers/formDataToStream.js","javascript",1,119,4,1,5,1,4,7,3,31,0,0
"axios","f0b98673b32677643a3b608431270d36e997473c","lib/helpers/validator.js","javascript",0,111,2,0,2,1,4.5,7,3,10,0,0
"axios","e8904af03385b040e53f1263a444e825db4335d9","lib/helpers/shouldBypassProxy.js","javascript",1,111,4,0,0,1,5.25,8,6,36,1,0
"axios","e8904af03385b040e53f1263a444e825db4335d9","lib/helpers/estimateDataURLDecodedBytes.js","javascript",0,74,2,0,0,1,17.5,30,3,18,2,0
"axios","1c7f6d76e58359daddf38a6e636dd801ffd9c61b","lib/adapters/http.js","javascript",1,1013,17,1,28,2,3.65,19,29,253,5,0
"axios","1c7f6d76e58359daddf38a6e636dd801ffd9c61b","lib/platform/browser/index.js","javascript",0,14,0,0,3,1,0,0,0,3,0,0
"axios","48fd644be167f85f6b193ec376133f85ff8f8911","lib/adapters/http.js","javascript",1,979,17,1,28,2,3.65,19,29,248,5,0
"axios","48fd644be167f85f6b193ec376133f85ff8f8911","index.js","javascript",0,44,0,0,1,17,0,0,3,1,0,0
"axios","70302b6c9008b3d5242c9685a4c01151e53a4c74","lib/adapters/http.js","javascript",1,971,16,1,28,2,3.75,19,21,239,5,0
"axios","70302b6c9008b3d5242c9685a4c01151e53a4c74","lib/helpers/shouldBypassProxy.js","javascript",0,111,4,0,0,1,5.25,8,6,36,1,0
"axios","17b90d0be692f1704e4623731163285b0480520f","lib/defaults/index.js","javascript",1,173,1,0,7,1,6,6,4,40,0,0
"axios","17b90d0be692f1704e4623731163285b0480520f","lib/adapters/http.js","javascript",0,971,16,1,28,2,3.75,19,21,239,5,0
"axios","37cf18f2e2c10171ddd851c8e46938d48cc35948","lib/core/mergeConfig.js","javascript",1,108,7,0,2,1,2.86,5,13,29,2,0
"axios","0a73b7c585356fd7a85c35fda756dcaffae6089c","lib/adapters/http.js","javascript",1,970,16,1,28,2,3.75,19,21,239,5,0
"axios","0a73b7c585356fd7a85c35fda756dcaffae6089c","lib/utils.js","javascript",1,920,39,0,1,1,3.62,12,63,132,4,0
"axios","d87df3f7a1c3417ec02acb667cbb47e2c1c8d473","lib/helpers/AxiosURLSearchParams.js","javascript",1,63,2,0,1,1,1.5,2,2,10,0,0
"axios","d87df3f7a1c3417ec02acb667cbb47e2c1c8d473","gulpfile.js","javascript",0,94,1,0,4,5,1,1,2,45,0,0
"axios","42b215406e4d89b6300c1dfe912baf015fef226c","index.d.ts","typescript",1,716,0,4,0,60,0,0,2,2,1,0
"axios","42b215406e4d89b6300c1dfe912baf015fef226c","lib/core/AxiosError.js","javascript",1,91,3,1,1,1,3.67,5,12,5,1,0
"axios","42b215406e4d89b6300c1dfe912baf015fef226c","lib/helpers/toFormData.js","javascript",1,242,8,0,3,1,5.75,14,16,67,3,0
"axios","623c0032ab5812def9cd71b79b1e5e56d447104d","lib/adapters/fetch.js","javascript",1,352,5,0,9,2,6,12,10,81,2,0
"axios","c7a76ddbf277db864ee6cfb4ef17b8a08ffbe3f5","lib/core/AxiosHeaders.js","javascript",1,379,30,1,2,1,3,13,39,107,4,0
"axios","c7a76ddbf277db864ee6cfb4ef17b8a08ffbe3f5","lib/helpers/shouldBypassProxy.js","javascript",1,107,3,0,0,1,6.67,8,4,33,1,0
"axios","914bc2605ae43cee86fc1327c3f0022e1870d431","index.d.ts","typescript",1,772,0,4,0,60,0,0,2,2,1,0
"axios","0912bde937c9505ce5464d5b9c56b81d1edeab63","lib/helpers/progressEventReducer.js","javascript",1,52,3,0,3,3,1,1,17,10,1,0
"axios","8b68491d04838aaab5d1a4d30e23d1f534beceeb","lib/helpers/formDataToJSON.js","javascript",1,96,4,0,1,1,4,10,6,16,0,0
"axios","62f62816608823e1b152b27d3209092adc77b454","lib/adapters/http.js","javascript",1,955,14,1,28,2,4.07,19,20,234,5,0
"axios","62f62816608823e1b152b27d3209092adc77b454","lib/helpers/formDataToJSON.js","javascript",0,96,4,0,1,1,4,10,6,16,0,0
"axios","c44f4d728b89584cbabbc6f92a5aec543a489b8b","lib/adapters/fetch.js","javascript",1,339,5,0,9,2,6,12,8,76,2,0
"axios","9df2cd3df7d02b883a48761440a899b2599ff905","index.d.ts","typescript",1,812,0,4,0,60,0,0,2,2,1,0
"axios","772a4e54ecc4cc2421e2b746daff0aca10f359d7","lib/core/buildFullPath.js","javascript",1,23,1,0,2,1,4,4,3,4,0,0
"axios","fb3befb6daac6cad26b2e54094d0f2d9e47f24df","lib/core/Axios.js","javascript",1,262,5,1,9,1,6.4,19,6,57,3,0
"axios","fb3befb6daac6cad26b2e54094d0f2d9e47f24df","lib/core/AxiosHeaders.js","javascript",1,347,27,1,2,1,2.93,13,35,98,4,0
"axios","8023035109c9de959ca47a64658dd97258d5eca7","lib/adapters/http.js","javascript",1,952,14,1,27,2,4,18,20,232,5,0
"axios","a04dd96dbbc31f8b8ff2658706a92224b8956ce9","lib/adapters/http.js","javascript",1,953,14,1,27,2,4,18,20,232,5,0
"axios","a04dd96dbbc31f8b8ff2658706a92224b8956ce9","sandbox/server.js","javascript",1,132,3,0,4,0,3,6,4,31,0,0
"axios","76794ac27a7222f22f69f96e01305f1ae836c131","lib/adapters/fetch.js","javascript",1,335,5,0,9,2,6,12,8,75,2,0
"axios","76794ac27a7222f22f69f96e01305f1ae836c131","bin/repo.js","javascript",0,41,3,0,2,4,1.67,2,6,10,0,0
"axios","ebc6056adc341b1bcc7c940262391c2b4c7223b6","lib/adapters/http.js","javascript",1,953,14,1,27,2,4,18,20,232,5,0
"axios","ebc6056adc341b1bcc7c940262391c2b4c7223b6","bin/pr.js","javascript",0,140,5,0,8,0,2.6,8,6,56,1,0
"axios","fa337332b9cb675b2840e94f105a5b0440899642","lib/adapters/http.js","javascript",1,950,14,1,27,2,3.93,18,20,231,5,0
"axios","fa337332b9cb675b2840e94f105a5b0440899642","bin/githubAxios.js","javascript",0,25,0,0,2,1,0,0,3,9,0,0
"axios","f17a787026a2ab19bdf54feabb1252543aebc9ea","lib/core/AxiosHeaders.js","javascript",1,345,27,1,2,1,2.93,13,35,97,4,0
"axios","f17a787026a2ab19bdf54feabb1252543aebc9ea","bin/actions/notify_published.js","javascript",0,27,0,0,3,0,0,0,1,11,0,0
"axios","3e30bbf1b33c8b6213c793eb0cf6b61b0edc72f1","lib/core/AxiosError.js","javascript",1,85,3,1,1,1,3,5,12,5,1,0
"axios","3e30bbf1b33c8b6213c793eb0cf6b61b0edc72f1","lib/helpers/buildURL.js","javascript",0,67,2,0,2,1,6,11,3,15,1,0
"axios","822e3e40b4f9287b5a787f5d1dfb3ae7f8a0faa3","lib/utils.js","javascript",1,835,36,0,1,1,3.67,12,62,131,4,0
"axios","822e3e40b4f9287b5a787f5d1dfb3ae7f8a0faa3","bin/resolveNPMTag.js","javascript",0,21,0,0,3,0,0,0,0,12,0,0
"axios","ef3711d1b3a3c1eb4f11dc43e8db38e9c5342448","lib/core/AxiosError.js","javascript",1,74,3,1,1,1,3,5,12,4,1,0
"axios","ef3711d1b3a3c1eb4f11dc43e8db38e9c5342448","bin/RepoBot.js","javascript",0,135,6,1,8,1,3.5,9,5,41,1,0
"axios","04cf01969ed58f96920da032f340bfe4614aab90","lib/core/mergeConfig.js","javascript",1,106,7,0,2,1,2.86,5,13,28,2,0
"axios","04cf01969ed58f96920da032f340bfe4614aab90","lib/utils.js","javascript",1,800,36,0,1,1,3.58,12,62,131,3,0
"axios","04cf01969ed58f96920da032f340bfe4614aab90","lib/helpers/isAxiosError.js","javascript",0,15,1,0,1,1,2,2,1,2,0,0
"axios","04cf01969ed58f96920da032f340bfe4614aab90","bin/ssl_hotfix.js","javascript",0,23,0,0,1,0,0,0,0,9,0,0
"axios","569f028a5878faaec8d7d138ba686aac407bda4c","lib/adapters/fetch.js","javascript",1,289,5,0,9,2,6,12,8,75,2,0
"axios","569f028a5878faaec8d7d138ba686aac407bda4c","bin/actions/notify_published.js","javascript",0,29,0,0,3,0,0,0,1,11,0,0
"axios","44b7c9f0c4900fd8784f18e871199402f07fc69f","index.d.ts","typescript",1,810,0,4,0,60,0,0,2,2,1,0
"axios","44b7c9f0c4900fd8784f18e871199402f07fc69f","lib/core/Axios.js","javascript",1,241,5,1,8,1,6.4,19,6,54,3,0
"axios","44b7c9f0c4900fd8784f18e871199402f07fc69f","lib/defaults/transitional.js","javascript",1,8,0,0,0,1,0,0,3,0,0,0
"axios","44b7c9f0c4900fd8784f18e871199402f07fc69f","lib/adapters/xhr.js","javascript",0,201,2,0,10,1,5.5,6,3,50,0,0
"axios","44b7c9f0c4900fd8784f18e871199402f07fc69f","bin/githubAxios.js","javascript",0,20,0,0,2,1,0,0,3,9,0,0
"axios","af4f6d960f7478604841cfff2eb5c2491565c518","lib/core/Axios.js","javascript",1,246,5,1,8,1,6.4,19,6,58,3,0
"axios","af4f6d960f7478604841cfff2eb5c2491565c518","bin/sponsors.js","javascript",0,76,3,0,4,0,2.33,3,4,27,0,0
"axios","5945e40bb171d4ac4fc195df276cf952244f0f89","index.d.ts","typescript",1,606,0,4,0,60,0,0,2,2,1,0
"axios","5945e40bb171d4ac4fc195df276cf952244f0f89","lib/helpers/isURLSameOrigin.js","javascript",0,15,0,0,1,1,0,0,1,2,0,0
"axios","7373fbff24cd92ce650d99ff6f7fe08c2e2a0a04","lib/helpers/deprecatedMethod.js","javascript",0,27,1,0,0,1,4,4,0,2,0,0
"axios","f8694341deaabd2e81059543fe03f9c791656903","index.d.ts","typescript",1,588,0,4,0,60,0,0,2,2,1,0
"axios","f8694341deaabd2e81059543fe03f9c791656903","bin/sponsors.js","javascript",0,65,3,0,4,0,2.33,3,4,27,0,0
"axios","0bf4608d606f3c2c01ce9400c32fc9165cfc70b2","lib/adapters/http.js","javascript",1,898,14,1,27,2,3.93,18,20,231,5,0
"axios","0bf4608d606f3c2c01ce9400c32fc9165cfc70b2","lib/helpers/spread.js","javascript",0,29,1,0,0,1,1,1,1,1,0,0
"axios","ec9d94e9f88da13e9219acadf65061fb38ce080a","lib/defaults/index.js","javascript",1,162,1,0,7,1,6,6,4,40,0,0
"axios","ec9d94e9f88da13e9219acadf65061fb38ce080a","lib/helpers/speedometer.js","javascript",0,56,1,0,0,1,3,3,1,2,0,0
"requests","96b22fa18c00831656ee4b286bf1c9062459b00a","src/requests/exceptions.py","python",1,142,2,16,2,0,3,4,14,25,1,0
"requests","96b22fa18c00831656ee4b286bf1c9062459b00a","src/requests/packages.py","python",0,29,0,0,4,0,0,0,0,4,0,0
"requests","61c324da43dd8b775d3930d76265538b3ca27bc1","setup.py","python",1,133,3,1,7,0,1.33,2,0,14,0,0
"requests","61c324da43dd8b775d3930d76265538b3ca27bc1","requests/api.py","python",0,158,8,0,1,0,4.88,20,7,13,1,0
"flask","b97165db75c6f4e99c3307b4a5a1f3b0d9f4de25","src/flask/cli.py","python",1,1069,29,2,33,0,5.59,18,18,220,14,0
"flask","b97165db75c6f4e99c3307b4a5a1f3b0d9f4de25","src/flask/json/tag.py","python",0,315,35,11,12,0,1.49,4,12,65,1,0
"bottle","62d7e076e1f7d10ed4d9e13314df32c6a1e80173","bottle.py","python",1,4585,353,67,68,0,3.42,31,319,1537,45,0
"bottle","2a743a302a71460bfe4c0b8b7cb99a306b0328c6","bottle.py","python",1,4584,353,67,68,0,3.42,31,319,1537,45,0
"bottle","3d0ace47fe8e5ac5177b49597bd8ff872ff08d7b","bottle.py","python",1,4581,353,67,68,0,3.41,31,319,1536,45,0
"bottle","011016ce30f92e450bd111b0c9844e93ebad5243","bottle.py","python",1,4579,353,67,68,0,3.4,31,318,1535,49,0
"bottle","2fa7afd35feb8f4c67699b670cc45556e93f62c2","bottle.py","python",1,4564,352,67,68,0,3.39,31,313,1548,49,0
"bottle","ee24927c458eeb4cae73939f0aaf788ab17c5ba5","bottle.py","python",1,4567,353,67,68,0,3.39,31,314,1549,49,0
"bottle","3b9e86527130682fb5029bef56c0328fb762a361","bottle.py","python",1,4573,354,67,68,0,3.36,31,318,1549,49,0
"bottle","7af7135965e6e02993fea89d8932a4bc713b6692","bottle.py","python",1,4668,364,68,82,0,3.37,31,324,1605,51,0
"bottle","1a6d99022f42b22bd42417a5e22c6511f049dd4a","bottle.py","python",1,4667,364,68,82,0,3.37,31,324,1604,51,0
"bottle","c60fcc30bcfe4f88c0eff77cccd5d7ae13a5ceb7","bottle.py","python",1,4667,364,68,82,0,3.37,31,324,1604,51,0
"bottle","87b2bf16d811f840ab7eaf589ad8c1784a230520","bottle.py","python",1,4663,363,68,82,0,3.37,31,323,1603,51,0
"bottle","397eb8373ed8a0dc73e62fafeedf0840c852623a","bottle.py","python",1,4663,363,68,82,0,3.37,31,323,1603,51,0
"bottle","c92516069e664efc9bac3746004402bd6f3cc9ec","bottle.py","python",1,4663,363,68,82,0,3.37,31,323,1603,52,0
"bottle","e6bc34b06f32d63c7517505c240c28a52e3ac990","bottle.py","python",1,4676,362,69,82,0,3.39,31,325,1608,54,0
"bottle","e6bc34b06f32d63c7517505c240c28a52e3ac990","setup.py","python",0,45,0,0,3,0,0,0,0,3,0,0
"bottle","90d749bef49120396ecc347ea67df98881157030","bottle.py","python",1,4675,362,69,82,0,3.39,31,325,1608,54,0
"bottle","02137987220dd9b311b2c589afc2d097c66bacb1","bottle.py","python",1,4669,360,69,82,0,3.4,31,325,1606,54,0
"bottle","a06a608c3d6c5be6c4419f7203e60f79d897f1ad","bottle.py","python",1,4668,360,69,82,0,3.4,31,325,1605,54,0
"bottle","11f36c4162d1dc5a0ae412fe612a0dda15f54deb","bottle.py","python",1,4658,357,68,81,0,3.42,31,325,1603,54,0
"bottle","98bf0d7e555ad0f6901280c9937b853f5c10bd54","bottle.py","python",1,4658,357,68,81,0,3.42,31,325,1604,54,0
"bottle","4780272623c309b3103ba821bcf846c1fa48babb","bottle.py","python",1,4658,357,68,81,0,3.42,31,325,1604,54,0
"bottle","3fdb8b2a2e0d1641374b53ef2b051fe7f54508b5","bottle.py","python",1,4418,344,65,81,0,3.38,31,305,1522,53,0
"bottle","fd78d672ebb362f0e5116ad7c0057da114b25b40","bottle.py","python",1,4417,344,65,81,0,3.38,31,305,1521,53,0
"bottle","8dbae77560a13f04c8a622b575c924ed9918d22d","bottle.py","python",1,4437,345,65,82,0,3.39,31,305,1529,53,0
"bottle","ca6762c559c5e71e0dff71dc97eb4c6b3ed9bbcd","bottle.py","python",1,4437,345,65,82,0,3.39,31,305,1529,53,0
"bottle","d1f2ab570d437184c025247a98ea4b6f3d5b8b6e","bottle.py","python",1,4432,344,65,81,0,3.39,31,305,1526,53,0
"bottle","5a6c620b2a51adad2591e0d161d392cb8c0d4c50","bottle.py","python",1,4430,344,65,80,0,3.39,31,305,1525,53,0
"bottle","b7a03a60f1d497009bc303d2f90b80b39c68dbf3","bottle.py","python",1,4430,344,65,80,0,3.39,31,305,1524,53,0
"bottle","b7a03a60f1d497009bc303d2f90b80b39c68dbf3","setup.py","python",0,42,0,0,3,0,0,0,0,3,0,0
"bottle","ae7a40b1c2db255dbb1aafd669a4b011bee7e674","bottle.py","python",1,4430,344,65,80,0,3.39,31,305,1524,53,0
"bottle","f9b1849db4dd724e36a93a1032be592193fba581","bottle.py","python",1,4426,344,65,80,0,3.39,31,305,1524,53,0
"bottle","b3fa1d687c3170416a3ada7d69715a9077b748a9","bottle.py","python",1,4428,343,65,79,0,3.4,31,300,1520,53,0
"bottle","aaee93a5b1dfc78cb9119797df5c766a53872c5b","bottle.py","python",1,4426,343,65,79,0,3.39,31,299,1517,53,0
"bottle","c84c57f6eaf329266d72fddfa524fb9b360d67ae","bottle.py","python",1,4426,343,65,79,0,3.39,31,299,1517,53,0
"bottle","48e9dfef69d94d1acabb46cd6976acfcc214377b","bottle.py","python",1,4425,343,65,79,0,3.39,31,299,1517,53,0
"bottle","5c52eb0c0b7f21836375b3584896094735171a9f","bottle.py","python",1,4423,343,65,79,0,3.39,33,298,1515,53,0
"bottle","d9903c7508294e10b932099afb1e7f108f9a9022","bottle.py","python",1,4408,342,65,79,0,3.37,33,291,1498,50,0
"bottle","07cce60ba1ed6aa4b4f7df47fdd1b0ec47d61fea","bottle.py","python",1,4422,343,66,80,0,3.36,30,292,1506,51,0
"bottle","5813b873a885094759178583f65cc0f0f2bc576b","bottle.py","python",1,4419,343,66,80,0,3.36,30,292,1506,51,0
"bottle","9fb3b05846b33e508545a26e424785e151d02323","bottle.py","python",1,4416,343,66,80,0,3.36,30,292,1506,51,0
"bottle","33d1b8359776a3777509bbcc4be0496c435c8e34","bottle.py","python",1,4412,343,66,80,0,3.35,29,291,1503,51,0
"bottle","5aeb2562de4c8133dcba8a8cf49b6ec90cd15d1f","bottle.py","python",1,4410,343,66,80,0,3.35,29,291,1504,50,0
"bottle","28793eb604578deb2b11cc1725a5d8985af711fe","bottle.py","python",1,4404,343,66,80,0,3.35,29,291,1504,50,0
"bottle","f748acbeca28526d8890a30efad9c1fc41d2fec3","bottle.py","python",1,4347,340,65,77,0,3.33,26,284,1479,50,0
"bottle","5fcbaca48241b331fbf403c98d2a9403ca1ae0cc","bottle.py","python",1,4343,339,65,77,0,3.35,26,283,1480,51,0
"bottle","f936dfaa7ca43551ba63d9a7b4b2a9a62ab9c0fb","bottle.py","python",1,4346,339,65,77,0,3.35,26,280,1480,53,0
"bottle","58882c718889533e2f848b70d9733c1474f8ed44","bottle.py","python",1,4318,338,65,77,0,3.34,26,267,1452,53,0
"bottle","fb62520401e752c7b320c40d215c545a03f8d756","bottle.py","python",1,4318,338,65,77,0,3.34,26,267,1452,53,0
"bottle","9752ca1bd464371db0217a0681cd67d9a7a8dcda","bottle.py","python",1,4197,337,65,77,0,3.26,26,267,1431,48,0
"bottle","eeaaef2733b75b6b98e5e6b781ab78b02f3bb220","bottle.py","python",1,4183,338,65,81,0,3.2,26,273,1415,43,0
"gson","ed2397502708ebaba53643e5c3d60e0974d7045f","gson/src/main/java/com/google/gson/stream/JsonReader.java","java",1,1916,47,1,10,0,7.62,42,136,210,44,0
"gson","ed2397502708ebaba53643e5c3d60e0974d7045f","gson/src/main/java/com/google/gson/ToNumberPolicy.java","java",0,114,5,0,6,0,2,3,2,27,2,0
"gson","abfef5e8455483b878a8dea14dd42fa55832a56c","proto/src/main/java/com/google/gson/protobuf/LegacyProtoTypeAdapterFactory.java","java",1,692,29,2,30,0,4.48,19,35,247,12,0
"gson","abfef5e8455483b878a8dea14dd42fa55832a56c","gson/src/main/java/com/google/gson/JsonElement.java","java",0,435,23,1,6,0,1.22,2,10,39,0,0
"gson","e9a0f401b6dfca67e5ed225ca0aa5e5fe99b88e2","gson/src/main/java/com/google/gson/stream/JsonReader.java","java",1,1892,47,1,10,0,7.55,42,133,201,41,0
"gson","e9a0f401b6dfca67e5ed225ca0aa5e5fe99b88e2","metrics/src/main/java/com/google/gson/metrics/BagOfPrimitivesDeserializationBenchmark.java","java",0,123,5,1,6,0,4.4,10,0,36,2,0
"gson","4dfae77af3d543bea2782f85a154cc070290f086","gson/src/main/java/com/google/gson/GsonBuilder.java","java",1,873,33,1,34,0,1.39,6,4,92,3,0
"gson","4dfae77af3d543bea2782f85a154cc070290f086","gson/src/main/java/com/google/gson/FieldNamingStrategy.java","java",0,41,0,0,1,0,0,0,0,1,0,0
"gson","7b8ce2b9f7faaa22893bb77140563e3c41afb4ab","metrics/src/main/java/com/google/gson/metrics/ParseBenchmark.java","java",1,431,25,14,30,0,2.24,14,4,86,4,0
"gson","7b8ce2b9f7faaa22893bb77140563e3c41afb4ab","gson/src/main/java/com/google/gson/FieldNamingPolicy.java","java",0,205,9,0,2,0,1.67,5,7,31,2,0